2026-04-18 00:00:47,583 [INFO] UtilMem:75 - End SaveConfig() Used Memory: 667666560 Bytes (1073741824)
2026-04-18 00:00:50,101 [INFO] UtilMem:75 - End SaveConfig() Used Memory: 691783720 Bytes (1073741824)
2026-04-18 00:00:50,592 [INFO] UtilMem:75 - End SaveConfig() Used Memory: 713277480 Bytes (1073741824)
2026-04-18 00:00:51,287 [INFO] BlockDiagram:2775 - set Specific Code input for plugin: NVIC
2026-04-18 00:00:51,288 [INFO] BlockDiagram:2775 - set Specific Code input for plugin: TIM1_8
2026-04-18 00:00:51,288 [INFO] BlockDiagram:2775 - set Specific Code input for plugin: SYS
2026-04-18 00:00:51,288 [INFO] BlockDiagram:2775 - set Specific Code input for plugin: GPIO
2026-04-18 00:00:51,289 [INFO] BlockDiagram:2775 - set Specific Code input for plugin: ADC
2026-04-18 00:00:51,289 [INFO] BlockDiagram:2775 - set Specific Code input for plugin: RCC
2026-04-18 00:00:51,290 [INFO] CodeGenerator:892 - code generatio: config db path: /home/anbu/st/stm32cubeide_1.19.0/plugins/com.st.stm32cube.common.mx_6.15.0.202507011659//db/
2026-04-18 00:00:51,434 [INFO] CodeEngine:265 - oldGeneratedFile, /mnt/windows_z/Z/projects/robarm/sourcecode/modified_servo_test/MXTmpFiles/license.tmp_save
2026-04-18 00:00:52,074 [INFO] CodeEngine:289 - Generated code: /mnt/windows_z/Z/projects/robarm/sourcecode/modified_servo_test/MXTmpFiles/license.tmp
2026-04-18 00:00:52,156 [INFO] CodeEngine:265 - oldGeneratedFile, /mnt/windows_z/Z/projects/robarm/sourcecode/modified_servo_test/MXTmpFiles/gpio.tmp_save
2026-04-18 00:00:52,492 [INFO] CodeEngine:289 - Generated code: /mnt/windows_z/Z/projects/robarm/sourcecode/modified_servo_test/MXTmpFiles/gpio.tmp
2026-04-18 00:00:52,676 [INFO] CodeEngine:265 - oldGeneratedFile, /mnt/windows_z/Z/projects/robarm/sourcecode/modified_servo_test/Core/Src/stm32f4xx_it.c_save
2026-04-18 00:00:52,957 [INFO] CodeEngine:289 - Generated code: /mnt/windows_z/Z/projects/robarm/sourcecode/modified_servo_test/Core/Src/stm32f4xx_it.c
2026-04-18 00:00:52,971 [INFO] CodeEngine:265 - oldGeneratedFile, /mnt/windows_z/Z/projects/robarm/sourcecode/modified_servo_test/Core/Inc/stm32f4xx_it.h_save
2026-04-18 00:00:53,211 [INFO] CodeEngine:289 - Generated code: /mnt/windows_z/Z/projects/robarm/sourcecode/modified_servo_test/Core/Inc/stm32f4xx_it.h
2026-04-18 00:00:53,244 [INFO] CodeEngine:265 - oldGeneratedFile, /mnt/windows_z/Z/projects/robarm/sourcecode/modified_servo_test/Core/Src/stm32f4xx_hal_msp.c_save
2026-04-18 00:00:53,547 [INFO] CodeEngine:289 - Generated code: /mnt/windows_z/Z/projects/robarm/sourcecode/modified_servo_test/Core/Src/stm32f4xx_hal_msp.c
2026-04-18 00:00:53,556 [INFO] CodeEngine:265 - oldGeneratedFile, /mnt/windows_z/Z/projects/robarm/sourcecode/modified_servo_test/MXTmpFiles/system.tmp_save
2026-04-18 00:00:53,695 [INFO] CodeEngine:289 - Generated code: /mnt/windows_z/Z/projects/robarm/sourcecode/modified_servo_test/MXTmpFiles/system.tmp
2026-04-18 00:00:53,721 [INFO] CodeEngine:321 - oldGeneratedFile, /mnt/windows_z/Z/projects/robarm/sourcecode/modified_servo_test/Core/Inc/stm32f4xx_hal_conf.h_save
2026-04-18 00:00:53,891 [INFO] CodeEngine:345 - Generated code: /mnt/windows_z/Z/projects/robarm/sourcecode/modified_servo_test/Core/Inc/stm32f4xx_hal_conf.h
2026-04-18 00:00:53,946 [INFO] ApiDbMcu:532 - Load IP Config File for ADC1
2026-04-18 00:00:53,966 [INFO] ApiDbMcu:532 - Load IP Config File for TIM4
2026-04-18 00:00:53,969 [WARN] IPConfigManager:3811 - IP not found : TIM
2026-04-18 00:00:53,970 [WARN] CodeGenerator:4259 - IP not found : null
2026-04-18 00:00:53,989 [INFO] CodeEngine:265 - oldGeneratedFile, /mnt/windows_z/Z/projects/robarm/sourcecode/modified_servo_test/Core/Inc/main.h_save
2026-04-18 00:00:54,179 [INFO] CodeEngine:289 - Generated code: /mnt/windows_z/Z/projects/robarm/sourcecode/modified_servo_test/Core/Inc/main.h
2026-04-18 00:00:54,204 [INFO] CodeEngine:265 - oldGeneratedFile, /mnt/windows_z/Z/projects/robarm/sourcecode/modified_servo_test/Core/Src/main.c_save
2026-04-18 00:00:54,479 [INFO] CodeEngine:289 - Generated code: /mnt/windows_z/Z/projects/robarm/sourcecode/modified_servo_test/Core/Src/main.c
2026-04-18 00:00:55,224 [INFO] ProjectBuilder:3606 - Time for Copy HAL[1] : 438mS.
2026-04-18 00:00:55,232 [INFO] ProjectBuilder:5216 - Project Generator version: 4.7.0-B52
2026-04-18 00:00:55,382 [INFO] ConfigFileManager:1595 - The Die is : DIE431
2026-04-18 00:00:56,786 [INFO] ProjectBuilder:5496 - Time for Generating toolchain IDE Files: 1553mS.
2026-04-18 00:00:56,787 [INFO] ProjectBuilder:3463 - Time for Copy CMSIS : 1mS.
2026-04-18 00:00:56,798 [INFO] ProjectBuilder:3463 - Time for Copy CMSIS : 1mS.
2026-04-18 00:01:22,977 [INFO] UtilMem:75 - End SaveConfig() Used Memory: 769376520 Bytes (1073741824)
2026-04-18 00:01:23,502 [INFO] BlockDiagram:2775 - set Specific Code input for plugin: NVIC
2026-04-18 00:01:23,503 [INFO] BlockDiagram:2775 - set Specific Code input for plugin: TIM1_8
2026-04-18 00:01:23,503 [INFO] BlockDiagram:2775 - set Specific Code input for plugin: SYS
2026-04-18 00:01:23,504 [INFO] BlockDiagram:2775 - set Specific Code input for plugin: GPIO
2026-04-18 00:01:23,504 [INFO] BlockDiagram:2775 - set Specific Code input for plugin: ADC
2026-04-18 00:01:23,504 [INFO] BlockDiagram:2775 - set Specific Code input for plugin: RCC
2026-04-18 00:01:23,505 [INFO] CodeGenerator:892 - code generatio: config db path: /home/anbu/st/stm32cubeide_1.19.0/plugins/com.st.stm32cube.common.mx_6.15.0.202507011659//db/
2026-04-18 00:01:23,652 [INFO] CodeEngine:265 - oldGeneratedFile, /mnt/windows_z/Z/projects/robarm/sourcecode/modified_servo_test/MXTmpFiles/license.tmp_save
2026-04-18 00:01:23,800 [INFO] CodeEngine:289 - Generated code: /mnt/windows_z/Z/projects/robarm/sourcecode/modified_servo_test/MXTmpFiles/license.tmp
2026-04-18 00:01:23,838 [INFO] CodeEngine:265 - oldGeneratedFile, /mnt/windows_z/Z/projects/robarm/sourcecode/modified_servo_test/MXTmpFiles/gpio.tmp_save
2026-04-18 00:01:23,988 [INFO] CodeEngine:289 - Generated code: /mnt/windows_z/Z/projects/robarm/sourcecode/modified_servo_test/MXTmpFiles/gpio.tmp
2026-04-18 00:01:24,099 [INFO] CodeEngine:265 - oldGeneratedFile, /mnt/windows_z/Z/projects/robarm/sourcecode/modified_servo_test/Core/Src/stm32f4xx_it.c_save
2026-04-18 00:01:24,257 [INFO] CodeEngine:289 - Generated code: /mnt/windows_z/Z/projects/robarm/sourcecode/modified_servo_test/Core/Src/stm32f4xx_it.c
2026-04-18 00:01:24,272 [INFO] CodeEngine:265 - oldGeneratedFile, /mnt/windows_z/Z/projects/robarm/sourcecode/modified_servo_test/Core/Inc/stm32f4xx_it.h_save
2026-04-18 00:01:24,420 [INFO] CodeEngine:289 - Generated code: /mnt/windows_z/Z/projects/robarm/sourcecode/modified_servo_test/Core/Inc/stm32f4xx_it.h
2026-04-18 00:01:24,456 [INFO] CodeEngine:265 - oldGeneratedFile, /mnt/windows_z/Z/projects/robarm/sourcecode/modified_servo_test/Core/Src/stm32f4xx_hal_msp.c_save
2026-04-18 00:01:24,683 [INFO] CodeEngine:289 - Generated code: /mnt/windows_z/Z/projects/robarm/sourcecode/modified_servo_test/Core/Src/stm32f4xx_hal_msp.c
2026-04-18 00:01:24,697 [INFO] CodeEngine:265 - oldGeneratedFile, /mnt/windows_z/Z/projects/robarm/sourcecode/modified_servo_test/MXTmpFiles/system.tmp_save
2026-04-18 00:01:24,836 [INFO] CodeEngine:289 - Generated code: /mnt/windows_z/Z/projects/robarm/sourcecode/modified_servo_test/MXTmpFiles/system.tmp
2026-04-18 00:01:24,865 [INFO] CodeEngine:321 - oldGeneratedFile, /mnt/windows_z/Z/projects/robarm/sourcecode/modified_servo_test/Core/Inc/stm32f4xx_hal_conf.h_save
2026-04-18 00:01:25,031 [INFO] CodeEngine:345 - Generated code: /mnt/windows_z/Z/projects/robarm/sourcecode/modified_servo_test/Core/Inc/stm32f4xx_hal_conf.h
2026-04-18 00:01:25,067 [WARN] IPConfigManager:3811 - IP not found : TIM
2026-04-18 00:01:25,068 [WARN] CodeGenerator:4259 - IP not found : null
2026-04-18 00:01:25,086 [INFO] CodeEngine:265 - oldGeneratedFile, /mnt/windows_z/Z/projects/robarm/sourcecode/modified_servo_test/Core/Inc/main.h_save
2026-04-18 00:01:25,252 [INFO] CodeEngine:289 - Generated code: /mnt/windows_z/Z/projects/robarm/sourcecode/modified_servo_test/Core/Inc/main.h
2026-04-18 00:01:25,270 [INFO] CodeEngine:265 - oldGeneratedFile, /mnt/windows_z/Z/projects/robarm/sourcecode/modified_servo_test/Core/Src/main.c_save
2026-04-18 00:01:25,490 [INFO] CodeEngine:289 - Generated code: /mnt/windows_z/Z/projects/robarm/sourcecode/modified_servo_test/Core/Src/main.c
2026-04-18 00:01:26,241 [INFO] ProjectBuilder:3606 - Time for Copy HAL[1] : 447mS.
2026-04-18 00:01:26,248 [INFO] ProjectBuilder:5216 - Project Generator version: 4.7.0-B52
2026-04-18 00:01:26,398 [INFO] ConfigFileManager:1595 - The Die is : DIE431
2026-04-18 00:01:27,457 [INFO] ProjectBuilder:5496 - Time for Generating toolchain IDE Files: 1209mS.
2026-04-18 00:01:27,458 [INFO] ProjectBuilder:3463 - Time for Copy CMSIS : 0mS.
2026-04-18 00:01:27,468 [INFO] ProjectBuilder:3463 - Time for Copy CMSIS : 1mS.
2026-04-18 00:06:07,083 [INFO] Gpio:278 - dependency for GPIO [ADC1, RCC, SYS, TIM2, TIM4]
2026-04-18 00:06:29,362 [INFO] Gpio:278 - dependency for GPIO [ADC1, RCC, SYS, TIM2, TIM4]
2026-04-18 00:06:37,012 [INFO] Gpio:278 - dependency for GPIO [ADC1, RCC, SYS, TIM2, TIM4]
2026-04-18 00:06:42,946 [INFO] NvicIntPanel:101 - NVIC parent = com.st.microxplorer.plugins.ip.nvic.MultiNvicIntPanel[,0,0,0x0,invalid,layout=javax.swing.BoxLayout,alignmentX=0.0,alignmentY=0.0,border=,flags=9,maximumSize=,minimumSize=,preferredSize=]
2026-04-18 00:06:44,668 [INFO] UtilMem:75 - End SaveConfig() Used Memory: 884480168 Bytes (1073741824)
2026-04-18 00:06:46,449 [INFO] UtilMem:75 - End SaveConfig() Used Memory: 911220904 Bytes (1073741824)
2026-04-18 00:06:46,916 [INFO] UtilMem:75 - End SaveConfig() Used Memory: 935338152 Bytes (1073741824)
2026-04-18 00:06:47,419 [INFO] BlockDiagram:2775 - set Specific Code input for plugin: NVIC
2026-04-18 00:06:47,420 [INFO] BlockDiagram:2775 - set Specific Code input for plugin: TIM1_8
2026-04-18 00:06:47,420 [INFO] BlockDiagram:2775 - set Specific Code input for plugin: TIM1_8
2026-04-18 00:06:47,420 [INFO] BlockDiagram:2775 - set Specific Code input for plugin: SYS
2026-04-18 00:06:47,421 [INFO] BlockDiagram:2775 - set Specific Code input for plugin: GPIO
2026-04-18 00:06:47,421 [INFO] BlockDiagram:2775 - set Specific Code input for plugin: ADC
2026-04-18 00:06:47,421 [INFO] BlockDiagram:2775 - set Specific Code input for plugin: RCC
2026-04-18 00:06:47,422 [INFO] CodeGenerator:892 - code generatio: config db path: /home/anbu/st/stm32cubeide_1.19.0/plugins/com.st.stm32cube.common.mx_6.15.0.202507011659//db/
2026-04-18 00:06:47,565 [INFO] CodeEngine:265 - oldGeneratedFile, /mnt/windows_z/Z/projects/robarm/sourcecode/modified_servo_test/MXTmpFiles/license.tmp_save
2026-04-18 00:06:48,208 [INFO] CodeEngine:289 - Generated code: /mnt/windows_z/Z/projects/robarm/sourcecode/modified_servo_test/MXTmpFiles/license.tmp
2026-04-18 00:06:48,279 [INFO] CodeEngine:265 - oldGeneratedFile, /mnt/windows_z/Z/projects/robarm/sourcecode/modified_servo_test/MXTmpFiles/gpio.tmp_save
2026-04-18 00:06:48,714 [INFO] CodeEngine:289 - Generated code: /mnt/windows_z/Z/projects/robarm/sourcecode/modified_servo_test/MXTmpFiles/gpio.tmp
2026-04-18 00:06:49,178 [INFO] CodeEngine:265 - oldGeneratedFile, /mnt/windows_z/Z/projects/robarm/sourcecode/modified_servo_test/Core/Src/stm32f4xx_it.c_save
2026-04-18 00:06:49,553 [INFO] CodeEngine:289 - Generated code: /mnt/windows_z/Z/projects/robarm/sourcecode/modified_servo_test/Core/Src/stm32f4xx_it.c
2026-04-18 00:06:49,570 [INFO] CodeEngine:265 - oldGeneratedFile, /mnt/windows_z/Z/projects/robarm/sourcecode/modified_servo_test/Core/Inc/stm32f4xx_it.h_save
2026-04-18 00:06:49,895 [INFO] CodeEngine:289 - Generated code: /mnt/windows_z/Z/projects/robarm/sourcecode/modified_servo_test/Core/Inc/stm32f4xx_it.h
2026-04-18 00:06:49,931 [INFO] CodeEngine:265 - oldGeneratedFile, /mnt/windows_z/Z/projects/robarm/sourcecode/modified_servo_test/Core/Src/stm32f4xx_hal_msp.c_save
2026-04-18 00:06:50,432 [INFO] CodeEngine:289 - Generated code: /mnt/windows_z/Z/projects/robarm/sourcecode/modified_servo_test/Core/Src/stm32f4xx_hal_msp.c
2026-04-18 00:06:50,444 [INFO] CodeEngine:265 - oldGeneratedFile, /mnt/windows_z/Z/projects/robarm/sourcecode/modified_servo_test/MXTmpFiles/system.tmp_save
2026-04-18 00:06:50,729 [INFO] CodeEngine:289 - Generated code: /mnt/windows_z/Z/projects/robarm/sourcecode/modified_servo_test/MXTmpFiles/system.tmp
2026-04-18 00:06:50,763 [INFO] CodeEngine:321 - oldGeneratedFile, /mnt/windows_z/Z/projects/robarm/sourcecode/modified_servo_test/Core/Inc/stm32f4xx_hal_conf.h_save
2026-04-18 00:06:51,047 [INFO] CodeEngine:345 - Generated code: /mnt/windows_z/Z/projects/robarm/sourcecode/modified_servo_test/Core/Inc/stm32f4xx_hal_conf.h
2026-04-18 00:06:51,137 [INFO] ApiDbMcu:532 - Load IP Config File for TIM2
2026-04-18 00:06:51,139 [WARN] IPConfigManager:3811 - IP not found : TIM
2026-04-18 00:06:51,140 [WARN] CodeGenerator:4259 - IP not found : null
2026-04-18 00:06:51,157 [INFO] CodeEngine:265 - oldGeneratedFile, /mnt/windows_z/Z/projects/robarm/sourcecode/modified_servo_test/Core/Inc/main.h_save
2026-04-18 00:06:51,390 [INFO] CodeEngine:289 - Generated code: /mnt/windows_z/Z/projects/robarm/sourcecode/modified_servo_test/Core/Inc/main.h
2026-04-18 00:06:51,407 [INFO] CodeEngine:265 - oldGeneratedFile, /mnt/windows_z/Z/projects/robarm/sourcecode/modified_servo_test/Core/Src/main.c_save
2026-04-18 00:06:51,712 [INFO] CodeEngine:289 - Generated code: /mnt/windows_z/Z/projects/robarm/sourcecode/modified_servo_test/Core/Src/main.c
2026-04-18 00:06:52,474 [INFO] ProjectBuilder:3606 - Time for Copy HAL[1] : 449mS.
2026-04-18 00:06:52,485 [INFO] ProjectBuilder:5216 - Project Generator version: 4.7.0-B52
2026-04-18 00:06:52,638 [INFO] ConfigFileManager:1595 - The Die is : DIE431
2026-04-18 00:06:53,902 [INFO] ProjectBuilder:5496 - Time for Generating toolchain IDE Files: 1418mS.
2026-04-18 00:06:53,904 [INFO] ProjectBuilder:3463 - Time for Copy CMSIS : 1mS.
2026-04-18 00:06:53,913 [INFO] ProjectBuilder:3463 - Time for Copy CMSIS : 0mS.
2026-04-18 00:07:32,671 [INFO] ADCParametersView:116 -                Rank 1 : false
2026-04-18 00:07:32,673 [INFO] ADCParametersView:116 -                Rank 1 : false
2026-04-18 00:07:32,674 [INFO] ADCParametersView:116 -                Rank 1 : false
2026-04-18 00:07:32,675 [INFO] ADCParametersView:116 -                Rank 1 : false
2026-04-18 00:07:32,675 [INFO] ADCParametersView:116 -                Rank 1 : false
2026-04-18 00:07:32,676 [INFO] ADCParametersView:116 -                Rank 1 : false
2026-04-18 00:07:32,676 [INFO] ADCParametersView:116 -                Rank 1 : false
2026-04-18 00:07:32,677 [INFO] ADCParametersView:116 -                Rank 1 : false
2026-04-18 00:07:32,677 [INFO] ADCParametersView:116 -                Rank 1 : false
2026-04-18 00:07:32,677 [INFO] ADCParametersView:116 -                Rank 1 : false
2026-04-18 00:07:32,677 [INFO] ADCParametersView:116 -                Rank 1 : false
2026-04-18 00:07:32,678 [INFO] ADCParametersView:116 -                Rank 1 : false
2026-04-18 00:07:32,678 [INFO] ADCParametersView:116 -                Rank 1 : false
2026-04-18 00:07:32,678 [INFO] ADCParametersView:116 -                Rank 1 : false
2026-04-18 00:07:32,707 [INFO] ADCParametersView:116 -                Rank 1 : false
2026-04-18 00:07:32,747 [INFO] ADCParametersView:116 -                Rank 1 : false
2026-04-18 00:07:32,747 [INFO] ADCParametersView:116 -                Rank 1 : false
2026-04-18 00:07:32,748 [INFO] ADCParametersView:116 -                Rank 1 : false
2026-04-18 00:07:32,748 [INFO] ADCParametersView:116 -                Rank 1 : false
2026-04-18 00:07:32,749 [INFO] ADCParametersView:116 -                Rank 1 : false
2026-04-18 00:07:32,749 [INFO] ADCParametersView:116 -                Rank 1 : false
2026-04-18 00:07:32,750 [INFO] ADCParametersView:116 -                Rank 1 : false
2026-04-18 00:07:32,751 [INFO] ADCParametersView:116 -                Rank 1 : false
2026-04-18 00:07:32,751 [INFO] ADCParametersView:116 -                Rank 1 : false
2026-04-18 00:07:32,752 [INFO] ADCParametersView:116 -                Rank 1 : false
2026-04-18 00:07:32,752 [INFO] ADCParametersView:116 -                Rank 1 : false
2026-04-18 00:07:32,752 [INFO] ADCParametersView:116 -                Rank 1 : false
2026-04-18 00:07:32,753 [INFO] ADCParametersView:116 -                Rank 1 : false
2026-04-18 00:07:32,753 [INFO] ADCParametersView:116 -                Rank 1 : false
2026-04-18 00:07:32,781 [INFO] ADCParametersView:116 -                Rank 1 : false
2026-04-18 00:07:34,571 [INFO] ADCParametersView:116 -                Rank 1 : false
2026-04-18 00:07:34,572 [INFO] ADCParametersView:116 -                Rank 1 : false
2026-04-18 00:07:34,572 [INFO] ADCParametersView:116 -                Rank 1 : false
2026-04-18 00:07:34,573 [INFO] ADCParametersView:116 -                Rank 1 : false
2026-04-18 00:07:34,573 [INFO] ADCParametersView:116 -                Rank 1 : false
2026-04-18 00:07:34,574 [INFO] ADCParametersView:116 -                Rank 1 : false
2026-04-18 00:07:34,574 [INFO] ADCParametersView:116 -                Rank 1 : false
2026-04-18 00:07:34,575 [INFO] ADCParametersView:116 -                Rank 1 : false
2026-04-18 00:07:34,575 [INFO] ADCParametersView:116 -                Rank 1 : false
2026-04-18 00:07:34,576 [INFO] ADCParametersView:116 -                Rank 1 : false
2026-04-18 00:07:34,576 [INFO] ADCParametersView:116 -                Rank 1 : false
2026-04-18 00:07:34,576 [INFO] ADCParametersView:116 -                Rank 1 : false
2026-04-18 00:07:34,577 [INFO] ADCParametersView:116 -                Rank 1 : false
2026-04-18 00:07:34,577 [INFO] ADCParametersView:116 -                Rank 1 : false
2026-04-18 00:07:34,599 [INFO] ADCParametersView:116 -                Rank 1 : false
2026-04-18 00:07:34,631 [INFO] ADCParametersView:116 -                Rank 1 : false
2026-04-18 00:07:34,631 [INFO] ADCParametersView:116 -                Rank 1 : false
2026-04-18 00:07:34,632 [INFO] ADCParametersView:116 -                Rank 1 : false
2026-04-18 00:07:34,633 [INFO] ADCParametersView:116 -                Rank 1 : false
2026-04-18 00:07:34,633 [INFO] ADCParametersView:116 -                Rank 1 : false
2026-04-18 00:07:34,633 [INFO] ADCParametersView:116 -                Rank 1 : false
2026-04-18 00:07:34,633 [INFO] ADCParametersView:116 -                Rank 1 : false
2026-04-18 00:07:34,634 [INFO] ADCParametersView:116 -                Rank 1 : false
2026-04-18 00:07:34,634 [INFO] ADCParametersView:116 -                Rank 1 : false
2026-04-18 00:07:34,634 [INFO] ADCParametersView:116 -                Rank 1 : false
2026-04-18 00:07:34,635 [INFO] ADCParametersView:116 -                Rank 1 : false
2026-04-18 00:07:34,635 [INFO] ADCParametersView:116 -                Rank 1 : false
2026-04-18 00:07:34,635 [INFO] ADCParametersView:116 -                Rank 1 : false
2026-04-18 00:07:34,635 [INFO] ADCParametersView:116 -                Rank 1 : false
2026-04-18 00:07:34,657 [INFO] ADCParametersView:116 -                Rank 1 : false
2026-04-18 00:07:34,769 [INFO] ADCParametersView:116 -                Rank 1 : false
2026-04-18 00:07:34,770 [INFO] ADCParametersView:116 -                Rank 1 : false
2026-04-18 00:07:34,771 [INFO] ADCParametersView:116 -                Rank 1 : false
2026-04-18 00:07:34,771 [INFO] ADCParametersView:116 -                Rank 1 : false
2026-04-18 00:07:34,771 [INFO] ADCParametersView:116 -                Rank 1 : false
2026-04-18 00:07:34,772 [INFO] ADCParametersView:116 -                Rank 1 : false
2026-04-18 00:07:34,772 [INFO] ADCParametersView:116 -                Rank 1 : false
2026-04-18 00:07:34,773 [INFO] ADCParametersView:116 -                Rank 1 : false
2026-04-18 00:07:34,773 [INFO] ADCParametersView:116 -                Rank 1 : false
2026-04-18 00:07:34,774 [INFO] ADCParametersView:116 -                Rank 1 : false
2026-04-18 00:07:34,775 [INFO] ADCParametersView:116 -                Rank 1 : false
2026-04-18 00:07:34,775 [INFO] ADCParametersView:116 -                Rank 1 : false
2026-04-18 00:07:34,775 [INFO] ADCParametersView:116 -                Rank 1 : false
2026-04-18 00:07:34,775 [INFO] ADCParametersView:116 -                Rank 1 : false
2026-04-18 00:07:34,799 [INFO] ADCParametersView:116 -                Rank 1 : false
2026-04-18 00:07:34,838 [INFO] ADCParametersView:116 -                Rank 1 : false
2026-04-18 00:07:34,838 [INFO] ADCParametersView:116 -                Rank 1 : false
2026-04-18 00:07:34,839 [INFO] ADCParametersView:116 -                Rank 1 : false
2026-04-18 00:07:34,839 [INFO] ADCParametersView:116 -                Rank 1 : false
2026-04-18 00:07:34,839 [INFO] ADCParametersView:116 -                Rank 1 : false
2026-04-18 00:07:34,840 [INFO] ADCParametersView:116 -                Rank 1 : false
2026-04-18 00:07:34,840 [INFO] ADCParametersView:116 -                Rank 1 : false
2026-04-18 00:07:34,840 [INFO] ADCParametersView:116 -                Rank 1 : false
2026-04-18 00:07:34,840 [INFO] ADCParametersView:116 -                Rank 1 : false
2026-04-18 00:07:34,841 [INFO] ADCParametersView:116 -                Rank 1 : false
2026-04-18 00:07:34,841 [INFO] ADCParametersView:116 -                Rank 1 : false
2026-04-18 00:07:34,841 [INFO] ADCParametersView:116 -                Rank 1 : false
2026-04-18 00:07:34,841 [INFO] ADCParametersView:116 -                Rank 1 : false
2026-04-18 00:07:34,841 [INFO] ADCParametersView:116 -                Rank 1 : false
2026-04-18 00:07:34,869 [INFO] ADCParametersView:116 -                Rank 1 : false
2026-04-18 00:08:14,110 [INFO] SpinnerEditorADC:65 - is string kkkk
2026-04-18 00:08:15,394 [INFO] ADCParametersView:116 -                Rank 1 : false
2026-04-18 00:08:15,402 [INFO] ADCParametersView:116 -                Rank 1 : false
2026-04-18 00:08:15,402 [INFO] ADCParametersView:116 -                Rank 1 : false
2026-04-18 00:08:15,403 [INFO] ADCParametersView:116 -                Rank 1 : false
2026-04-18 00:08:15,403 [INFO] ADCParametersView:116 -                Rank 1 : false
2026-04-18 00:08:15,404 [INFO] ADCParametersView:116 -                Rank 1 : false
2026-04-18 00:08:15,404 [INFO] ADCParametersView:116 -                Rank 1 : false
2026-04-18 00:08:15,405 [INFO] ADCParametersView:116 -                Rank 1 : false
2026-04-18 00:08:15,405 [INFO] ADCParametersView:116 -                Rank 1 : false
2026-04-18 00:08:15,406 [INFO] ADCParametersView:116 -                Rank 1 : false
2026-04-18 00:08:15,406 [INFO] ADCParametersView:116 -                Rank 1 : false
2026-04-18 00:08:15,406 [INFO] ADCParametersView:116 -                Rank 1 : false
2026-04-18 00:08:15,406 [INFO] ADCParametersView:116 -                Rank 1 : false
2026-04-18 00:08:15,407 [INFO] ADCParametersView:116 -                Rank 1 : false
2026-04-18 00:08:15,418 [INFO] ADCParametersView:116 -                Rank 1 : false
2026-04-18 00:08:15,445 [INFO] ADCParametersView:116 -                Rank 1 : false
2026-04-18 00:08:15,447 [INFO] ADCParametersView:116 -                Rank 1 : false
2026-04-18 00:08:15,447 [INFO] ADCParametersView:116 -                Rank 1 : false
2026-04-18 00:08:15,448 [INFO] ADCParametersView:116 -                Rank 1 : false
2026-04-18 00:08:15,448 [INFO] ADCParametersView:116 -                Rank 1 : false
2026-04-18 00:08:15,449 [INFO] ADCParametersView:116 -                Rank 1 : false
2026-04-18 00:08:15,449 [INFO] ADCParametersView:116 -                Rank 1 : false
2026-04-18 00:08:15,450 [INFO] ADCParametersView:116 -                Rank 1 : false
2026-04-18 00:08:15,450 [INFO] ADCParametersView:116 -                Rank 1 : false
2026-04-18 00:08:15,451 [INFO] ADCParametersView:116 -                Rank 1 : false
2026-04-18 00:08:15,451 [INFO] ADCParametersView:116 -                Rank 1 : false
2026-04-18 00:08:15,452 [INFO] ADCParametersView:116 -                Rank 1 : false
2026-04-18 00:08:15,452 [INFO] ADCParametersView:116 -                Rank 1 : false
2026-04-18 00:08:15,452 [INFO] ADCParametersView:116 -                Rank 1 : false
2026-04-18 00:08:15,465 [INFO] ADCParametersView:116 -                Rank 1 : false
2026-04-18 00:08:15,502 [INFO] ADCParametersView:116 -                Rank 1 : false
2026-04-18 00:08:15,503 [INFO] ADCParametersView:116 -                Rank 1 : false
2026-04-18 00:08:15,503 [INFO] ADCParametersView:116 -                Rank 1 : false
2026-04-18 00:08:15,504 [INFO] ADCParametersView:116 -                Rank 1 : false
2026-04-18 00:08:15,504 [INFO] ADCParametersView:116 -                Rank 1 : false
2026-04-18 00:08:15,504 [INFO] ADCParametersView:116 -                Rank 1 : false
2026-04-18 00:08:15,504 [INFO] ADCParametersView:116 -                Rank 1 : false
2026-04-18 00:08:15,505 [INFO] ADCParametersView:116 -                Rank 1 : false
2026-04-18 00:08:15,505 [INFO] ADCParametersView:116 -                Rank 1 : false
2026-04-18 00:08:15,505 [INFO] ADCParametersView:116 -                Rank 1 : false
2026-04-18 00:08:15,505 [INFO] ADCParametersView:116 -                Rank 1 : false
2026-04-18 00:08:15,505 [INFO] ADCParametersView:116 -                Rank 1 : false
2026-04-18 00:08:15,506 [INFO] ADCParametersView:116 -                Rank 1 : false
2026-04-18 00:08:15,506 [INFO] ADCParametersView:116 -                Rank 1 : false
2026-04-18 00:08:15,528 [INFO] ADCParametersView:116 -                Rank 1 : false
2026-04-18 00:09:12,221 [INFO] UtilMem:75 - End SaveConfig() Used Memory: 892764400 Bytes (1073741824)
2026-04-18 00:09:13,684 [INFO] UtilMem:75 - End SaveConfig() Used Memory: 914784496 Bytes (1073741824)
2026-04-18 00:09:14,175 [INFO] UtilMem:75 - End SaveConfig() Used Memory: 930513136 Bytes (1073741824)
2026-04-18 00:09:14,688 [INFO] BlockDiagram:2775 - set Specific Code input for plugin: NVIC
2026-04-18 00:09:14,688 [INFO] BlockDiagram:2775 - set Specific Code input for plugin: TIM1_8
2026-04-18 00:09:14,688 [INFO] BlockDiagram:2775 - set Specific Code input for plugin: TIM1_8
2026-04-18 00:09:14,688 [INFO] BlockDiagram:2775 - set Specific Code input for plugin: SYS
2026-04-18 00:09:14,689 [INFO] BlockDiagram:2775 - set Specific Code input for plugin: GPIO
2026-04-18 00:09:14,689 [INFO] BlockDiagram:2775 - set Specific Code input for plugin: ADC
2026-04-18 00:09:14,689 [INFO] BlockDiagram:2775 - set Specific Code input for plugin: RCC
2026-04-18 00:09:14,698 [INFO] CodeGenerator:892 - code generatio: config db path: /home/anbu/st/stm32cubeide_1.19.0/plugins/com.st.stm32cube.common.mx_6.15.0.202507011659//db/
2026-04-18 00:09:14,830 [INFO] CodeEngine:265 - oldGeneratedFile, /mnt/windows_z/Z/projects/robarm/sourcecode/modified_servo_test/MXTmpFiles/license.tmp_save
2026-04-18 00:09:14,980 [INFO] CodeEngine:289 - Generated code: /mnt/windows_z/Z/projects/robarm/sourcecode/modified_servo_test/MXTmpFiles/license.tmp
2026-04-18 00:09:15,036 [INFO] CodeEngine:265 - oldGeneratedFile, /mnt/windows_z/Z/projects/robarm/sourcecode/modified_servo_test/MXTmpFiles/gpio.tmp_save
2026-04-18 00:09:15,184 [INFO] CodeEngine:289 - Generated code: /mnt/windows_z/Z/projects/robarm/sourcecode/modified_servo_test/MXTmpFiles/gpio.tmp
2026-04-18 00:09:15,329 [INFO] CodeEngine:265 - oldGeneratedFile, /mnt/windows_z/Z/projects/robarm/sourcecode/modified_servo_test/Core/Src/stm32f4xx_it.c_save
2026-04-18 00:09:15,496 [INFO] CodeEngine:289 - Generated code: /mnt/windows_z/Z/projects/robarm/sourcecode/modified_servo_test/Core/Src/stm32f4xx_it.c
2026-04-18 00:09:15,515 [INFO] CodeEngine:265 - oldGeneratedFile, /mnt/windows_z/Z/projects/robarm/sourcecode/modified_servo_test/Core/Inc/stm32f4xx_it.h_save
2026-04-18 00:09:15,677 [INFO] CodeEngine:289 - Generated code: /mnt/windows_z/Z/projects/robarm/sourcecode/modified_servo_test/Core/Inc/stm32f4xx_it.h
2026-04-18 00:09:15,718 [INFO] CodeEngine:265 - oldGeneratedFile, /mnt/windows_z/Z/projects/robarm/sourcecode/modified_servo_test/Core/Src/stm32f4xx_hal_msp.c_save
2026-04-18 00:09:15,964 [INFO] CodeEngine:289 - Generated code: /mnt/windows_z/Z/projects/robarm/sourcecode/modified_servo_test/Core/Src/stm32f4xx_hal_msp.c
2026-04-18 00:09:15,977 [INFO] CodeEngine:265 - oldGeneratedFile, /mnt/windows_z/Z/projects/robarm/sourcecode/modified_servo_test/MXTmpFiles/system.tmp_save
2026-04-18 00:09:16,115 [INFO] CodeEngine:289 - Generated code: /mnt/windows_z/Z/projects/robarm/sourcecode/modified_servo_test/MXTmpFiles/system.tmp
2026-04-18 00:09:16,143 [INFO] CodeEngine:321 - oldGeneratedFile, /mnt/windows_z/Z/projects/robarm/sourcecode/modified_servo_test/Core/Inc/stm32f4xx_hal_conf.h_save
2026-04-18 00:09:16,304 [INFO] CodeEngine:345 - Generated code: /mnt/windows_z/Z/projects/robarm/sourcecode/modified_servo_test/Core/Inc/stm32f4xx_hal_conf.h
2026-04-18 00:09:16,336 [WARN] IPConfigManager:3811 - IP not found : TIM
2026-04-18 00:09:16,336 [WARN] CodeGenerator:4259 - IP not found : null
2026-04-18 00:09:16,351 [INFO] CodeEngine:265 - oldGeneratedFile, /mnt/windows_z/Z/projects/robarm/sourcecode/modified_servo_test/Core/Inc/main.h_save
2026-04-18 00:09:16,469 [INFO] CodeEngine:289 - Generated code: /mnt/windows_z/Z/projects/robarm/sourcecode/modified_servo_test/Core/Inc/main.h
2026-04-18 00:09:16,485 [INFO] CodeEngine:265 - oldGeneratedFile, /mnt/windows_z/Z/projects/robarm/sourcecode/modified_servo_test/Core/Src/main.c_save
2026-04-18 00:09:16,658 [INFO] CodeEngine:289 - Generated code: /mnt/windows_z/Z/projects/robarm/sourcecode/modified_servo_test/Core/Src/main.c
2026-04-18 00:09:17,304 [INFO] ProjectBuilder:3606 - Time for Copy HAL[1] : 387mS.
2026-04-18 00:09:17,313 [INFO] ProjectBuilder:5216 - Project Generator version: 4.7.0-B52
2026-04-18 00:09:17,458 [INFO] ConfigFileManager:1595 - The Die is : DIE431
2026-04-18 00:09:18,460 [INFO] ProjectBuilder:5496 - Time for Generating toolchain IDE Files: 1146mS.
2026-04-18 00:09:18,462 [INFO] ProjectBuilder:3463 - Time for Copy CMSIS : 2mS.
2026-04-18 00:09:18,475 [INFO] ProjectBuilder:3463 - Time for Copy CMSIS : 1mS.
2026-04-18 00:09:49,006 [INFO] Gpio:278 - dependency for GPIO [ADC1, RCC, SYS, TIM2, TIM4]
2026-04-18 00:12:24,038 [INFO] UtilMem:75 - End SaveConfig() Used Memory: 858708408 Bytes (1073741824)
2026-04-18 00:12:25,759 [INFO] UtilMem:75 - End SaveConfig() Used Memory: 880747232 Bytes (1073741824)
2026-04-18 00:12:26,299 [INFO] UtilMem:75 - End SaveConfig() Used Memory: 897505720 Bytes (1073741824)
2026-04-18 00:12:26,846 [INFO] BlockDiagram:2775 - set Specific Code input for plugin: NVIC
2026-04-18 00:12:26,846 [INFO] BlockDiagram:2775 - set Specific Code input for plugin: TIM1_8
2026-04-18 00:12:26,846 [INFO] BlockDiagram:2775 - set Specific Code input for plugin: TIM1_8
2026-04-18 00:12:26,846 [INFO] BlockDiagram:2775 - set Specific Code input for plugin: SYS
2026-04-18 00:12:26,847 [INFO] BlockDiagram:2775 - set Specific Code input for plugin: GPIO
2026-04-18 00:12:26,847 [INFO] BlockDiagram:2775 - set Specific Code input for plugin: ADC
2026-04-18 00:12:26,847 [INFO] BlockDiagram:2775 - set Specific Code input for plugin: RCC
2026-04-18 00:12:26,848 [INFO] CodeGenerator:892 - code generatio: config db path: /home/anbu/st/stm32cubeide_1.19.0/plugins/com.st.stm32cube.common.mx_6.15.0.202507011659//db/
2026-04-18 00:12:26,994 [INFO] CodeEngine:265 - oldGeneratedFile, /mnt/windows_z/Z/projects/robarm/sourcecode/modified_servo_test/MXTmpFiles/license.tmp_save
2026-04-18 00:12:27,133 [INFO] CodeEngine:289 - Generated code: /mnt/windows_z/Z/projects/robarm/sourcecode/modified_servo_test/MXTmpFiles/license.tmp
2026-04-18 00:12:27,178 [INFO] CodeEngine:265 - oldGeneratedFile, /mnt/windows_z/Z/projects/robarm/sourcecode/modified_servo_test/MXTmpFiles/gpio.tmp_save
2026-04-18 00:12:27,343 [INFO] CodeEngine:289 - Generated code: /mnt/windows_z/Z/projects/robarm/sourcecode/modified_servo_test/MXTmpFiles/gpio.tmp
2026-04-18 00:12:27,478 [INFO] CodeEngine:265 - oldGeneratedFile, /mnt/windows_z/Z/projects/robarm/sourcecode/modified_servo_test/Core/Src/stm32f4xx_it.c_save
2026-04-18 00:12:27,643 [INFO] CodeEngine:289 - Generated code: /mnt/windows_z/Z/projects/robarm/sourcecode/modified_servo_test/Core/Src/stm32f4xx_it.c
2026-04-18 00:12:27,661 [INFO] CodeEngine:265 - oldGeneratedFile, /mnt/windows_z/Z/projects/robarm/sourcecode/modified_servo_test/Core/Inc/stm32f4xx_it.h_save
2026-04-18 00:12:27,803 [INFO] CodeEngine:289 - Generated code: /mnt/windows_z/Z/projects/robarm/sourcecode/modified_servo_test/Core/Inc/stm32f4xx_it.h
2026-04-18 00:12:27,830 [INFO] CodeEngine:265 - oldGeneratedFile, /mnt/windows_z/Z/projects/robarm/sourcecode/modified_servo_test/Core/Src/stm32f4xx_hal_msp.c_save
2026-04-18 00:12:28,058 [INFO] CodeEngine:289 - Generated code: /mnt/windows_z/Z/projects/robarm/sourcecode/modified_servo_test/Core/Src/stm32f4xx_hal_msp.c
2026-04-18 00:12:28,068 [INFO] CodeEngine:265 - oldGeneratedFile, /mnt/windows_z/Z/projects/robarm/sourcecode/modified_servo_test/MXTmpFiles/system.tmp_save
2026-04-18 00:12:28,176 [INFO] CodeEngine:289 - Generated code: /mnt/windows_z/Z/projects/robarm/sourcecode/modified_servo_test/MXTmpFiles/system.tmp
2026-04-18 00:12:28,197 [INFO] CodeEngine:321 - oldGeneratedFile, /mnt/windows_z/Z/projects/robarm/sourcecode/modified_servo_test/Core/Inc/stm32f4xx_hal_conf.h_save
2026-04-18 00:12:28,368 [INFO] CodeEngine:345 - Generated code: /mnt/windows_z/Z/projects/robarm/sourcecode/modified_servo_test/Core/Inc/stm32f4xx_hal_conf.h
2026-04-18 00:12:28,397 [WARN] IPConfigManager:3811 - IP not found : TIM
2026-04-18 00:12:28,398 [WARN] CodeGenerator:4259 - IP not found : null
2026-04-18 00:12:28,416 [INFO] CodeEngine:265 - oldGeneratedFile, /mnt/windows_z/Z/projects/robarm/sourcecode/modified_servo_test/Core/Inc/main.h_save
2026-04-18 00:12:28,560 [INFO] CodeEngine:289 - Generated code: /mnt/windows_z/Z/projects/robarm/sourcecode/modified_servo_test/Core/Inc/main.h
2026-04-18 00:12:28,577 [INFO] CodeEngine:265 - oldGeneratedFile, /mnt/windows_z/Z/projects/robarm/sourcecode/modified_servo_test/Core/Src/main.c_save
2026-04-18 00:12:28,829 [INFO] CodeEngine:289 - Generated code: /mnt/windows_z/Z/projects/robarm/sourcecode/modified_servo_test/Core/Src/main.c
2026-04-18 00:12:29,570 [INFO] ProjectBuilder:3606 - Time for Copy HAL[1] : 450mS.
2026-04-18 00:12:29,578 [INFO] ProjectBuilder:5216 - Project Generator version: 4.7.0-B52
2026-04-18 00:12:29,723 [INFO] ConfigFileManager:1595 - The Die is : DIE431
2026-04-18 00:12:30,654 [INFO] ProjectBuilder:5496 - Time for Generating toolchain IDE Files: 1076mS.
2026-04-18 00:12:30,656 [INFO] ProjectBuilder:3463 - Time for Copy CMSIS : 2mS.
2026-04-18 00:12:30,665 [INFO] ProjectBuilder:3463 - Time for Copy CMSIS : 0mS.
2026-04-18 01:04:16,714 [INFO] WebApp:194 - Connection lost
2026-04-18 01:37:43,845 [INFO] WebApp:191 - Connection restablished
2026-04-18 01:53:23,788 [INFO] ADCParametersView:116 -                Rank 1 : false
2026-04-18 01:53:23,795 [INFO] ADCParametersView:116 -                Rank 1 : false
2026-04-18 01:53:23,795 [INFO] ADCParametersView:116 -                Rank 1 : false
2026-04-18 01:53:23,796 [INFO] ADCParametersView:116 -                Rank 1 : false
2026-04-18 01:53:23,797 [INFO] ADCParametersView:116 -                Rank 1 : false
2026-04-18 01:53:23,797 [INFO] ADCParametersView:116 -                Rank 1 : false
2026-04-18 01:53:23,798 [INFO] ADCParametersView:116 -                Rank 1 : false
2026-04-18 01:53:23,798 [INFO] ADCParametersView:116 -                Rank 1 : false
2026-04-18 01:53:23,799 [INFO] ADCParametersView:116 -                Rank 1 : false
2026-04-18 01:53:23,799 [INFO] ADCParametersView:116 -                Rank 1 : false
2026-04-18 01:53:23,800 [INFO] ADCParametersView:116 -                Rank 1 : false
2026-04-18 01:53:23,801 [INFO] ADCParametersView:116 -                Rank 1 : false
2026-04-18 01:53:23,801 [INFO] ADCParametersView:116 -                Rank 1 : false
2026-04-18 01:53:23,801 [INFO] ADCParametersView:116 -                Rank 1 : false
2026-04-18 01:53:23,920 [INFO] ADCParametersView:116 -                Rank 1 : false
2026-04-18 01:53:24,056 [INFO] ADCParametersView:116 -                Rank 1 : false
2026-04-18 01:53:24,064 [INFO] ADCParametersView:116 -                Rank 1 : false
2026-04-18 01:53:24,065 [INFO] ADCParametersView:116 -                Rank 1 : false
2026-04-18 01:53:24,066 [INFO] ADCParametersView:116 -                Rank 1 : false
2026-04-18 01:53:24,066 [INFO] ADCParametersView:116 -                Rank 1 : false
2026-04-18 01:53:24,067 [INFO] ADCParametersView:116 -                Rank 1 : false
2026-04-18 01:53:24,068 [INFO] ADCParametersView:116 -                Rank 1 : false
2026-04-18 01:53:24,068 [INFO] ADCParametersView:116 -                Rank 1 : false
2026-04-18 01:53:24,069 [INFO] ADCParametersView:116 -                Rank 1 : false
2026-04-18 01:53:24,070 [INFO] ADCParametersView:116 -                Rank 1 : false
2026-04-18 01:53:24,071 [INFO] ADCParametersView:116 -                Rank 1 : false
2026-04-18 01:53:24,071 [INFO] ADCParametersView:116 -                Rank 1 : false
2026-04-18 01:53:24,072 [INFO] ADCParametersView:116 -                Rank 1 : false
2026-04-18 01:53:24,072 [INFO] ADCParametersView:116 -                Rank 1 : false
2026-04-18 01:53:24,154 [INFO] ADCParametersView:116 -                Rank 1 : false
2026-04-18 01:53:44,816 [INFO] NvicIntPanel:101 - NVIC parent = com.st.microxplorer.plugins.ip.nvic.MultiNvicIntPanel[,0,0,0x0,invalid,layout=javax.swing.BoxLayout,alignmentX=0.0,alignmentY=0.0,border=,flags=9,maximumSize=,minimumSize=,preferredSize=]
2026-04-18 01:53:44,913 [INFO] ADCParametersView:116 -                Rank 1 : false
2026-04-18 01:53:44,918 [INFO] ADCParametersView:116 -                Rank 1 : false
2026-04-18 01:53:44,918 [INFO] ADCParametersView:116 -                Rank 1 : false
2026-04-18 01:53:44,919 [INFO] ADCParametersView:116 -                Rank 1 : false
2026-04-18 01:53:44,919 [INFO] ADCParametersView:116 -                Rank 1 : false
2026-04-18 01:53:44,919 [INFO] ADCParametersView:116 -                Rank 1 : false
2026-04-18 01:53:44,920 [INFO] ADCParametersView:116 -                Rank 1 : false
2026-04-18 01:53:44,920 [INFO] ADCParametersView:116 -                Rank 1 : false
2026-04-18 01:53:44,921 [INFO] ADCParametersView:116 -                Rank 1 : false
2026-04-18 01:53:44,921 [INFO] ADCParametersView:116 -                Rank 1 : false
2026-04-18 01:53:44,922 [INFO] ADCParametersView:116 -                Rank 1 : false
2026-04-18 01:53:44,922 [INFO] ADCParametersView:116 -                Rank 1 : false
2026-04-18 01:53:44,922 [INFO] ADCParametersView:116 -                Rank 1 : false
2026-04-18 01:53:44,923 [INFO] ADCParametersView:116 -                Rank 1 : false
2026-04-18 01:53:44,957 [INFO] ADCParametersView:116 -                Rank 1 : false
2026-04-18 01:53:48,833 [INFO] NvicIntPanel:101 - NVIC parent = com.st.microxplorer.plugins.ip.nvic.MultiNvicIntPanel[,0,0,0x0,invalid,layout=javax.swing.BoxLayout,alignmentX=0.0,alignmentY=0.0,border=,flags=9,maximumSize=,minimumSize=,preferredSize=]
2026-04-18 01:53:48,894 [INFO] ADCParametersView:116 -                Rank 1 : false
2026-04-18 01:53:48,899 [INFO] ADCParametersView:116 -                Rank 1 : false
2026-04-18 01:53:48,899 [INFO] ADCParametersView:116 -                Rank 1 : false
2026-04-18 01:53:48,900 [INFO] ADCParametersView:116 -                Rank 1 : false
2026-04-18 01:53:48,901 [INFO] ADCParametersView:116 -                Rank 1 : false
2026-04-18 01:53:48,901 [INFO] ADCParametersView:116 -                Rank 1 : false
2026-04-18 01:53:48,902 [INFO] ADCParametersView:116 -                Rank 1 : false
2026-04-18 01:53:48,903 [INFO] ADCParametersView:116 -                Rank 1 : false
2026-04-18 01:53:48,903 [INFO] ADCParametersView:116 -                Rank 1 : false
2026-04-18 01:53:48,904 [INFO] ADCParametersView:116 -                Rank 1 : false
2026-04-18 01:53:48,904 [INFO] ADCParametersView:116 -                Rank 1 : false
2026-04-18 01:53:48,905 [INFO] ADCParametersView:116 -                Rank 1 : false
2026-04-18 01:53:48,905 [INFO] ADCParametersView:116 -                Rank 1 : false
2026-04-18 01:53:48,906 [INFO] ADCParametersView:116 -                Rank 1 : false
2026-04-18 01:53:48,939 [INFO] ADCParametersView:116 -                Rank 1 : false
2026-04-18 01:54:58,699 [INFO] NvicIntPanel:101 - NVIC parent = com.st.microxplorer.plugins.ip.nvic.MultiNvicIntPanel[,0,0,0x0,invalid,layout=javax.swing.BoxLayout,alignmentX=0.0,alignmentY=0.0,border=,flags=9,maximumSize=,minimumSize=,preferredSize=]
2026-04-18 01:54:58,776 [INFO] ADCParametersView:116 -                Rank 1 : false
2026-04-18 01:54:58,779 [INFO] ADCParametersView:116 -                Rank 1 : false
2026-04-18 01:54:58,780 [INFO] ADCParametersView:116 -                Rank 1 : false
2026-04-18 01:54:58,780 [INFO] ADCParametersView:116 -                Rank 1 : false
2026-04-18 01:54:58,781 [INFO] ADCParametersView:116 -                Rank 1 : false
2026-04-18 01:54:58,781 [INFO] ADCParametersView:116 -                Rank 1 : false
2026-04-18 01:54:58,782 [INFO] ADCParametersView:116 -                Rank 1 : false
2026-04-18 01:54:58,782 [INFO] ADCParametersView:116 -                Rank 1 : false
2026-04-18 01:54:58,783 [INFO] ADCParametersView:116 -                Rank 1 : false
2026-04-18 01:54:58,783 [INFO] ADCParametersView:116 -                Rank 1 : false
2026-04-18 01:54:58,783 [INFO] ADCParametersView:116 -                Rank 1 : false
2026-04-18 01:54:58,783 [INFO] ADCParametersView:116 -                Rank 1 : false
2026-04-18 01:54:58,783 [INFO] ADCParametersView:116 -                Rank 1 : false
2026-04-18 01:54:58,784 [INFO] ADCParametersView:116 -                Rank 1 : false
2026-04-18 01:54:58,814 [INFO] ADCParametersView:116 -                Rank 1 : false
2026-04-18 01:55:00,042 [INFO] NvicIntPanel:101 - NVIC parent = com.st.microxplorer.plugins.ip.nvic.MultiNvicIntPanel[,0,0,0x0,invalid,layout=javax.swing.BoxLayout,alignmentX=0.0,alignmentY=0.0,border=,flags=9,maximumSize=,minimumSize=,preferredSize=]
2026-04-18 01:55:00,108 [INFO] ADCParametersView:116 -                Rank 1 : false
2026-04-18 01:55:00,112 [INFO] ADCParametersView:116 -                Rank 1 : false
2026-04-18 01:55:00,113 [INFO] ADCParametersView:116 -                Rank 1 : false
2026-04-18 01:55:00,113 [INFO] ADCParametersView:116 -                Rank 1 : false
2026-04-18 01:55:00,114 [INFO] ADCParametersView:116 -                Rank 1 : false
2026-04-18 01:55:00,114 [INFO] ADCParametersView:116 -                Rank 1 : false
2026-04-18 01:55:00,114 [INFO] ADCParametersView:116 -                Rank 1 : false
2026-04-18 01:55:00,115 [INFO] ADCParametersView:116 -                Rank 1 : false
2026-04-18 01:55:00,115 [INFO] ADCParametersView:116 -                Rank 1 : false
2026-04-18 01:55:00,115 [INFO] ADCParametersView:116 -                Rank 1 : false
2026-04-18 01:55:00,115 [INFO] ADCParametersView:116 -                Rank 1 : false
2026-04-18 01:55:00,115 [INFO] ADCParametersView:116 -                Rank 1 : false
2026-04-18 01:55:00,116 [INFO] ADCParametersView:116 -                Rank 1 : false
2026-04-18 01:55:00,116 [INFO] ADCParametersView:116 -                Rank 1 : false
2026-04-18 01:55:00,145 [INFO] ADCParametersView:116 -                Rank 1 : false
2026-04-18 01:55:06,020 [INFO] ADCParametersView:116 -                Rank 1 : false
2026-04-18 01:55:10,848 [INFO] SpinnerEditorADC:65 - is string kkkk
2026-04-18 01:55:13,753 [INFO] NvicIntPanel:101 - NVIC parent = com.st.microxplorer.plugins.ip.nvic.MultiNvicIntPanel[,0,0,0x0,invalid,layout=javax.swing.BoxLayout,alignmentX=0.0,alignmentY=0.0,border=,flags=9,maximumSize=,minimumSize=,preferredSize=]
2026-04-18 01:55:13,881 [INFO] NvicIntPanel:101 - NVIC parent = com.st.microxplorer.plugins.ip.nvic.MultiNvicIntPanel[,0,0,0x0,invalid,layout=javax.swing.BoxLayout,alignmentX=0.0,alignmentY=0.0,border=,flags=9,maximumSize=,minimumSize=,preferredSize=]
2026-04-18 01:55:14,003 [INFO] NvicIntPanel:101 - NVIC parent = com.st.microxplorer.plugins.ip.nvic.MultiNvicIntPanel[,0,0,0x0,invalid,layout=javax.swing.BoxLayout,alignmentX=0.0,alignmentY=0.0,border=,flags=9,maximumSize=,minimumSize=,preferredSize=]
2026-04-18 01:55:14,128 [INFO] NvicIntPanel:101 - NVIC parent = com.st.microxplorer.plugins.ip.nvic.MultiNvicIntPanel[,0,0,0x0,invalid,layout=javax.swing.BoxLayout,alignmentX=0.0,alignmentY=0.0,border=,flags=9,maximumSize=,minimumSize=,preferredSize=]
2026-04-18 01:55:14,178 [INFO] ADCParametersView:116 -                Rank 1 : false
2026-04-18 01:55:14,182 [INFO] ADCParametersView:116 -                Rank 1 : false
2026-04-18 01:55:14,182 [INFO] ADCParametersView:116 -                Rank 1 : false
2026-04-18 01:55:14,183 [INFO] ADCParametersView:116 -                Rank 1 : false
2026-04-18 01:55:14,184 [INFO] ADCParametersView:116 -                Rank 1 : false
2026-04-18 01:55:14,186 [INFO] ADCParametersView:116 -                Rank 1 : false
2026-04-18 01:55:14,187 [INFO] ADCParametersView:116 -                Rank 1 : false
2026-04-18 01:55:14,187 [INFO] ADCParametersView:116 -                Rank 1 : false
2026-04-18 01:55:14,188 [INFO] ADCParametersView:116 -                Rank 1 : false
2026-04-18 01:55:14,189 [INFO] ADCParametersView:116 -                Rank 1 : false
2026-04-18 01:55:14,190 [INFO] ADCParametersView:116 -                Rank 1 : false
2026-04-18 01:55:14,190 [INFO] ADCParametersView:116 -                Rank 1 : false
2026-04-18 01:55:14,191 [INFO] ADCParametersView:116 -                Rank 1 : false
2026-04-18 01:55:14,191 [INFO] ADCParametersView:116 -                Rank 1 : false
2026-04-18 01:55:14,224 [INFO] ADCParametersView:116 -                Rank 1 : false
2026-04-18 01:55:14,225 [INFO] ADCParametersView:116 -                Rank 1 : false
2026-04-18 01:55:14,226 [INFO] ADCParametersView:116 -        *      Rank 2 : false
2026-04-18 01:55:20,010 [INFO] ADCParametersView:116 -                Rank 1 : true
2026-04-18 01:55:20,011 [INFO] ADCParametersView:116 -        *      Rank 2 : false
2026-04-18 01:55:21,971 [INFO] ADCParametersView:116 -                Rank 1 : true
2026-04-18 01:55:21,971 [INFO] ADCParametersView:116 -        *      Rank 2 : true
2026-04-18 01:55:25,676 [INFO] NvicIntPanel:101 - NVIC parent = com.st.microxplorer.plugins.ip.nvic.MultiNvicIntPanel[,0,0,0x0,invalid,layout=javax.swing.BoxLayout,alignmentX=0.0,alignmentY=0.0,border=,flags=9,maximumSize=,minimumSize=,preferredSize=]
2026-04-18 01:55:25,728 [INFO] ADCParametersView:116 -                Rank 1 : true
2026-04-18 01:55:25,728 [INFO] ADCParametersView:116 -        *      Rank 2 : true
2026-04-18 01:55:25,731 [INFO] ADCParametersView:116 -                Rank 1 : true
2026-04-18 01:55:25,732 [INFO] ADCParametersView:116 -        *      Rank 2 : true
2026-04-18 01:55:25,732 [INFO] ADCParametersView:116 -                Rank 1 : true
2026-04-18 01:55:25,733 [INFO] ADCParametersView:116 -        *      Rank 2 : true
2026-04-18 01:55:25,733 [INFO] ADCParametersView:116 -                Rank 1 : true
2026-04-18 01:55:25,734 [INFO] ADCParametersView:116 -        *      Rank 2 : true
2026-04-18 01:55:25,734 [INFO] ADCParametersView:116 -                Rank 1 : true
2026-04-18 01:55:25,735 [INFO] ADCParametersView:116 -        *      Rank 2 : true
2026-04-18 01:55:25,735 [INFO] ADCParametersView:116 -                Rank 1 : true
2026-04-18 01:55:25,736 [INFO] ADCParametersView:116 -        *      Rank 2 : true
2026-04-18 01:55:25,736 [INFO] ADCParametersView:116 -                Rank 1 : true
2026-04-18 01:55:25,736 [INFO] ADCParametersView:116 -        *      Rank 2 : true
2026-04-18 01:55:25,737 [INFO] ADCParametersView:116 -                Rank 1 : true
2026-04-18 01:55:25,737 [INFO] ADCParametersView:116 -        *      Rank 2 : true
2026-04-18 01:55:25,737 [INFO] ADCParametersView:116 -                Rank 1 : true
2026-04-18 01:55:25,737 [INFO] ADCParametersView:116 -        *      Rank 2 : true
2026-04-18 01:55:25,737 [INFO] ADCParametersView:116 -                Rank 1 : true
2026-04-18 01:55:25,737 [INFO] ADCParametersView:116 -        *      Rank 2 : true
2026-04-18 01:55:25,737 [INFO] ADCParametersView:116 -                Rank 1 : true
2026-04-18 01:55:25,737 [INFO] ADCParametersView:116 -        *      Rank 2 : true
2026-04-18 01:55:25,737 [INFO] ADCParametersView:116 -                Rank 1 : true
2026-04-18 01:55:25,737 [INFO] ADCParametersView:116 -        *      Rank 2 : true
2026-04-18 01:55:25,738 [INFO] ADCParametersView:116 -                Rank 1 : true
2026-04-18 01:55:25,738 [INFO] ADCParametersView:116 -        *      Rank 2 : true
2026-04-18 01:55:25,738 [INFO] ADCParametersView:116 -                Rank 1 : true
2026-04-18 01:55:25,738 [INFO] ADCParametersView:116 -        *      Rank 2 : true
2026-04-18 01:55:25,738 [INFO] ADCParametersView:116 -        *      Rank 2 : true
2026-04-18 01:55:25,768 [INFO] ADCParametersView:116 -                Rank 1 : true
2026-04-18 01:55:25,768 [INFO] ADCParametersView:116 -                Rank 1 : true
2026-04-18 01:55:25,769 [INFO] ADCParametersView:116 -                Rank 2 : true
2026-04-18 01:55:34,417 [INFO] DmaTabbedPanel:205 - Cannot restore the selected Tab for DMA
2026-04-18 01:55:39,250 [INFO] ADCParametersView:116 -                Rank 1 : true
2026-04-18 01:55:39,250 [INFO] ADCParametersView:116 -                Rank 2 : true
2026-04-18 01:55:39,252 [INFO] ADCParametersView:116 -                Rank 1 : true
2026-04-18 01:55:39,253 [INFO] ADCParametersView:116 -                Rank 2 : true
2026-04-18 01:55:39,254 [INFO] ADCParametersView:116 -                Rank 1 : true
2026-04-18 01:55:39,254 [INFO] ADCParametersView:116 -                Rank 2 : true
2026-04-18 01:55:39,255 [INFO] ADCParametersView:116 -                Rank 1 : true
2026-04-18 01:55:39,255 [INFO] ADCParametersView:116 -                Rank 2 : true
2026-04-18 01:55:39,256 [INFO] ADCParametersView:116 -                Rank 1 : true
2026-04-18 01:55:39,256 [INFO] ADCParametersView:116 -                Rank 2 : true
2026-04-18 01:55:39,256 [INFO] ADCParametersView:116 -                Rank 1 : true
2026-04-18 01:55:39,257 [INFO] ADCParametersView:116 -                Rank 2 : true
2026-04-18 01:55:39,257 [INFO] ADCParametersView:116 -                Rank 1 : true
2026-04-18 01:55:39,257 [INFO] ADCParametersView:116 -                Rank 2 : true
2026-04-18 01:55:39,258 [INFO] ADCParametersView:116 -                Rank 1 : true
2026-04-18 01:55:39,258 [INFO] ADCParametersView:116 -                Rank 2 : true
2026-04-18 01:55:39,258 [INFO] ADCParametersView:116 -                Rank 1 : true
2026-04-18 01:55:39,258 [INFO] ADCParametersView:116 -                Rank 2 : true
2026-04-18 01:55:39,258 [INFO] ADCParametersView:116 -                Rank 1 : true
2026-04-18 01:55:39,259 [INFO] ADCParametersView:116 -                Rank 2 : true
2026-04-18 01:55:39,259 [INFO] ADCParametersView:116 -                Rank 1 : true
2026-04-18 01:55:39,259 [INFO] ADCParametersView:116 -                Rank 2 : true
2026-04-18 01:55:39,259 [INFO] ADCParametersView:116 -                Rank 1 : true
2026-04-18 01:55:39,259 [INFO] ADCParametersView:116 -                Rank 2 : true
2026-04-18 01:55:39,259 [INFO] ADCParametersView:116 -                Rank 1 : true
2026-04-18 01:55:39,259 [INFO] ADCParametersView:116 -                Rank 2 : true
2026-04-18 01:55:39,259 [INFO] ADCParametersView:116 -                Rank 1 : true
2026-04-18 01:55:39,259 [INFO] ADCParametersView:116 -                Rank 2 : true
2026-04-18 01:55:39,259 [INFO] ADCParametersView:116 -                Rank 2 : true
2026-04-18 01:55:39,291 [INFO] ADCParametersView:116 -                Rank 1 : true
2026-04-18 01:55:39,292 [INFO] ADCParametersView:116 -                Rank 1 : true
2026-04-18 01:55:39,292 [INFO] ADCParametersView:116 -                Rank 2 : true
2026-04-18 01:55:39,340 [INFO] ADCParametersView:116 -                Rank 1 : true
2026-04-18 01:55:39,341 [INFO] ADCParametersView:116 -                Rank 2 : true
2026-04-18 01:55:39,343 [INFO] ADCParametersView:116 -                Rank 1 : true
2026-04-18 01:55:39,344 [INFO] ADCParametersView:116 -                Rank 2 : true
2026-04-18 01:55:39,344 [INFO] ADCParametersView:116 -                Rank 1 : true
2026-04-18 01:55:39,345 [INFO] ADCParametersView:116 -                Rank 2 : true
2026-04-18 01:55:39,345 [INFO] ADCParametersView:116 -                Rank 1 : true
2026-04-18 01:55:39,345 [INFO] ADCParametersView:116 -                Rank 2 : true
2026-04-18 01:55:39,346 [INFO] ADCParametersView:116 -                Rank 1 : true
2026-04-18 01:55:39,346 [INFO] ADCParametersView:116 -                Rank 2 : true
2026-04-18 01:55:39,347 [INFO] ADCParametersView:116 -                Rank 1 : true
2026-04-18 01:55:39,347 [INFO] ADCParametersView:116 -                Rank 2 : true
2026-04-18 01:55:39,348 [INFO] ADCParametersView:116 -                Rank 1 : true
2026-04-18 01:55:39,348 [INFO] ADCParametersView:116 -                Rank 2 : true
2026-04-18 01:55:39,348 [INFO] ADCParametersView:116 -                Rank 1 : true
2026-04-18 01:55:39,349 [INFO] ADCParametersView:116 -                Rank 2 : true
2026-04-18 01:55:39,349 [INFO] ADCParametersView:116 -                Rank 1 : true
2026-04-18 01:55:39,349 [INFO] ADCParametersView:116 -                Rank 2 : true
2026-04-18 01:55:39,349 [INFO] ADCParametersView:116 -                Rank 1 : true
2026-04-18 01:55:39,349 [INFO] ADCParametersView:116 -                Rank 2 : true
2026-04-18 01:55:39,349 [INFO] ADCParametersView:116 -                Rank 1 : true
2026-04-18 01:55:39,349 [INFO] ADCParametersView:116 -                Rank 2 : true
2026-04-18 01:55:39,349 [INFO] ADCParametersView:116 -                Rank 1 : true
2026-04-18 01:55:39,349 [INFO] ADCParametersView:116 -                Rank 2 : true
2026-04-18 01:55:39,349 [INFO] ADCParametersView:116 -                Rank 1 : true
2026-04-18 01:55:39,349 [INFO] ADCParametersView:116 -                Rank 2 : true
2026-04-18 01:55:39,349 [INFO] ADCParametersView:116 -                Rank 1 : true
2026-04-18 01:55:39,349 [INFO] ADCParametersView:116 -                Rank 2 : true
2026-04-18 01:55:39,350 [INFO] ADCParametersView:116 -                Rank 2 : true
2026-04-18 01:55:39,380 [INFO] ADCParametersView:116 -                Rank 1 : true
2026-04-18 01:55:39,381 [INFO] ADCParametersView:116 -                Rank 1 : true
2026-04-18 01:55:39,381 [INFO] ADCParametersView:116 -                Rank 2 : true
2026-04-18 01:55:45,563 [INFO] NvicIntPanel:101 - NVIC parent = com.st.microxplorer.plugins.ip.nvic.MultiNvicIntPanel[,0,0,0x0,invalid,layout=javax.swing.BoxLayout,alignmentX=0.0,alignmentY=0.0,border=,flags=9,maximumSize=,minimumSize=,preferredSize=]
2026-04-18 01:55:50,316 [INFO] NvicIntPanel:101 - NVIC parent = com.st.microxplorer.plugins.ip.nvic.MultiNvicIntPanel[,0,0,0x0,invalid,layout=javax.swing.BoxLayout,alignmentX=0.0,alignmentY=0.0,border=,flags=9,maximumSize=,minimumSize=,preferredSize=]
2026-04-18 01:55:55,280 [INFO] NvicIntPanel:101 - NVIC parent = com.st.microxplorer.plugins.ip.nvic.MultiNvicIntPanel[,0,0,0x0,invalid,layout=javax.swing.BoxLayout,alignmentX=0.0,alignmentY=0.0,border=,flags=9,maximumSize=,minimumSize=,preferredSize=]
2026-04-18 01:57:39,151 [INFO] ADCParametersView:116 -                Rank 1 : true
2026-04-18 01:57:39,151 [INFO] ADCParametersView:116 -                Rank 2 : true
2026-04-18 01:57:39,153 [INFO] ADCParametersView:116 -                Rank 1 : true
2026-04-18 01:57:39,154 [INFO] ADCParametersView:116 -                Rank 2 : true
2026-04-18 01:57:39,154 [INFO] ADCParametersView:116 -                Rank 1 : true
2026-04-18 01:57:39,154 [INFO] ADCParametersView:116 -                Rank 2 : true
2026-04-18 01:57:39,155 [INFO] ADCParametersView:116 -                Rank 1 : true
2026-04-18 01:57:39,155 [INFO] ADCParametersView:116 -                Rank 2 : true
2026-04-18 01:57:39,156 [INFO] ADCParametersView:116 -                Rank 1 : true
2026-04-18 01:57:39,156 [INFO] ADCParametersView:116 -                Rank 2 : true
2026-04-18 01:57:39,157 [INFO] ADCParametersView:116 -                Rank 1 : true
2026-04-18 01:57:39,157 [INFO] ADCParametersView:116 -                Rank 2 : true
2026-04-18 01:57:39,158 [INFO] ADCParametersView:116 -                Rank 1 : true
2026-04-18 01:57:39,158 [INFO] ADCParametersView:116 -                Rank 2 : true
2026-04-18 01:57:39,159 [INFO] ADCParametersView:116 -                Rank 1 : true
2026-04-18 01:57:39,159 [INFO] ADCParametersView:116 -                Rank 2 : true
2026-04-18 01:57:39,159 [INFO] ADCParametersView:116 -                Rank 1 : true
2026-04-18 01:57:39,160 [INFO] ADCParametersView:116 -                Rank 2 : true
2026-04-18 01:57:39,160 [INFO] ADCParametersView:116 -                Rank 1 : true
2026-04-18 01:57:39,160 [INFO] ADCParametersView:116 -                Rank 2 : true
2026-04-18 01:57:39,161 [INFO] ADCParametersView:116 -                Rank 1 : true
2026-04-18 01:57:39,161 [INFO] ADCParametersView:116 -                Rank 2 : true
2026-04-18 01:57:39,161 [INFO] ADCParametersView:116 -                Rank 1 : true
2026-04-18 01:57:39,161 [INFO] ADCParametersView:116 -                Rank 2 : true
2026-04-18 01:57:39,161 [INFO] ADCParametersView:116 -                Rank 1 : true
2026-04-18 01:57:39,162 [INFO] ADCParametersView:116 -                Rank 2 : true
2026-04-18 01:57:39,162 [INFO] ADCParametersView:116 -                Rank 1 : true
2026-04-18 01:57:39,162 [INFO] ADCParametersView:116 -                Rank 2 : true
2026-04-18 01:57:39,162 [INFO] ADCParametersView:116 -                Rank 2 : true
2026-04-18 01:57:39,189 [INFO] ADCParametersView:116 -                Rank 1 : true
2026-04-18 01:57:39,189 [INFO] ADCParametersView:116 -                Rank 1 : true
2026-04-18 01:57:39,190 [INFO] ADCParametersView:116 -                Rank 2 : true
2026-04-18 01:57:39,191 [INFO] ADCParametersView:116 -                Rank 1 : true
2026-04-18 01:57:39,191 [INFO] ADCParametersView:116 -                Rank 2 : true
2026-04-18 01:57:39,193 [INFO] ADCParametersView:116 -                Rank 1 : true
2026-04-18 01:57:39,193 [INFO] ADCParametersView:116 -                Rank 2 : true
2026-04-18 01:57:39,194 [INFO] ADCParametersView:116 -                Rank 1 : true
2026-04-18 01:57:39,194 [INFO] ADCParametersView:116 -                Rank 2 : true
2026-04-18 01:57:39,195 [INFO] ADCParametersView:116 -                Rank 1 : true
2026-04-18 01:57:39,195 [INFO] ADCParametersView:116 -                Rank 2 : true
2026-04-18 01:57:39,196 [INFO] ADCParametersView:116 -                Rank 1 : true
2026-04-18 01:57:39,196 [INFO] ADCParametersView:116 -                Rank 2 : true
2026-04-18 01:57:39,196 [INFO] ADCParametersView:116 -                Rank 1 : true
2026-04-18 01:57:39,197 [INFO] ADCParametersView:116 -                Rank 2 : true
2026-04-18 01:57:39,197 [INFO] ADCParametersView:116 -                Rank 1 : true
2026-04-18 01:57:39,197 [INFO] ADCParametersView:116 -                Rank 2 : true
2026-04-18 01:57:39,197 [INFO] ADCParametersView:116 -                Rank 1 : true
2026-04-18 01:57:39,197 [INFO] ADCParametersView:116 -                Rank 2 : true
2026-04-18 01:57:39,197 [INFO] ADCParametersView:116 -                Rank 1 : true
2026-04-18 01:57:39,197 [INFO] ADCParametersView:116 -                Rank 2 : true
2026-04-18 01:57:39,197 [INFO] ADCParametersView:116 -                Rank 1 : true
2026-04-18 01:57:39,197 [INFO] ADCParametersView:116 -                Rank 2 : true
2026-04-18 01:57:39,198 [INFO] ADCParametersView:116 -                Rank 1 : true
2026-04-18 01:57:39,198 [INFO] ADCParametersView:116 -                Rank 2 : true
2026-04-18 01:57:39,198 [INFO] ADCParametersView:116 -                Rank 1 : true
2026-04-18 01:57:39,198 [INFO] ADCParametersView:116 -                Rank 2 : true
2026-04-18 01:57:39,198 [INFO] ADCParametersView:116 -                Rank 1 : true
2026-04-18 01:57:39,198 [INFO] ADCParametersView:116 -                Rank 2 : true
2026-04-18 01:57:39,198 [INFO] ADCParametersView:116 -                Rank 1 : true
2026-04-18 01:57:39,198 [INFO] ADCParametersView:116 -                Rank 2 : true
2026-04-18 01:57:39,198 [INFO] ADCParametersView:116 -                Rank 2 : true
2026-04-18 01:57:39,225 [INFO] ADCParametersView:116 -                Rank 1 : true
2026-04-18 01:57:39,225 [INFO] ADCParametersView:116 -                Rank 1 : true
2026-04-18 01:57:39,225 [INFO] ADCParametersView:116 -                Rank 2 : true
2026-04-18 01:57:39,226 [INFO] ADCParametersView:116 -                Rank 1 : true
2026-04-18 01:57:39,226 [INFO] ADCParametersView:116 -                Rank 2 : true
2026-04-18 01:57:39,228 [INFO] ADCParametersView:116 -                Rank 1 : true
2026-04-18 01:57:39,229 [INFO] ADCParametersView:116 -                Rank 2 : true
2026-04-18 01:57:39,229 [INFO] ADCParametersView:116 -                Rank 1 : true
2026-04-18 01:57:39,230 [INFO] ADCParametersView:116 -                Rank 2 : true
2026-04-18 01:57:39,231 [INFO] ADCParametersView:116 -                Rank 1 : true
2026-04-18 01:57:39,231 [INFO] ADCParametersView:116 -                Rank 2 : true
2026-04-18 01:57:39,231 [INFO] ADCParametersView:116 -                Rank 1 : true
2026-04-18 01:57:39,232 [INFO] ADCParametersView:116 -                Rank 2 : true
2026-04-18 01:57:39,232 [INFO] ADCParametersView:116 -                Rank 1 : true
2026-04-18 01:57:39,232 [INFO] ADCParametersView:116 -                Rank 2 : true
2026-04-18 01:57:39,233 [INFO] ADCParametersView:116 -                Rank 1 : true
2026-04-18 01:57:39,233 [INFO] ADCParametersView:116 -                Rank 2 : true
2026-04-18 01:57:39,233 [INFO] ADCParametersView:116 -                Rank 1 : true
2026-04-18 01:57:39,233 [INFO] ADCParametersView:116 -                Rank 2 : true
2026-04-18 01:57:39,233 [INFO] ADCParametersView:116 -                Rank 1 : true
2026-04-18 01:57:39,233 [INFO] ADCParametersView:116 -                Rank 2 : true
2026-04-18 01:57:39,233 [INFO] ADCParametersView:116 -                Rank 1 : true
2026-04-18 01:57:39,233 [INFO] ADCParametersView:116 -                Rank 2 : true
2026-04-18 01:57:39,233 [INFO] ADCParametersView:116 -                Rank 1 : true
2026-04-18 01:57:39,233 [INFO] ADCParametersView:116 -                Rank 2 : true
2026-04-18 01:57:39,234 [INFO] ADCParametersView:116 -                Rank 1 : true
2026-04-18 01:57:39,234 [INFO] ADCParametersView:116 -                Rank 2 : true
2026-04-18 01:57:39,234 [INFO] ADCParametersView:116 -                Rank 1 : true
2026-04-18 01:57:39,234 [INFO] ADCParametersView:116 -                Rank 2 : true
2026-04-18 01:57:39,234 [INFO] ADCParametersView:116 -                Rank 1 : true
2026-04-18 01:57:39,234 [INFO] ADCParametersView:116 -                Rank 2 : true
2026-04-18 01:57:39,234 [INFO] ADCParametersView:116 -                Rank 2 : true
2026-04-18 01:57:39,263 [INFO] ADCParametersView:116 -                Rank 1 : true
2026-04-18 01:57:39,263 [INFO] ADCParametersView:116 -                Rank 1 : true
2026-04-18 01:57:39,264 [INFO] ADCParametersView:116 -                Rank 2 : true
2026-04-18 01:57:39,265 [INFO] ADCParametersView:116 -                Rank 1 : true
2026-04-18 01:57:39,265 [INFO] ADCParametersView:116 -                Rank 2 : true
2026-04-18 01:57:39,267 [INFO] ADCParametersView:116 -                Rank 1 : true
2026-04-18 01:57:39,267 [INFO] ADCParametersView:116 -                Rank 2 : true
2026-04-18 01:57:39,268 [INFO] ADCParametersView:116 -                Rank 1 : true
2026-04-18 01:57:39,268 [INFO] ADCParametersView:116 -                Rank 2 : true
2026-04-18 01:57:39,269 [INFO] ADCParametersView:116 -                Rank 1 : true
2026-04-18 01:57:39,269 [INFO] ADCParametersView:116 -                Rank 2 : true
2026-04-18 01:57:39,269 [INFO] ADCParametersView:116 -                Rank 1 : true
2026-04-18 01:57:39,270 [INFO] ADCParametersView:116 -                Rank 2 : true
2026-04-18 01:57:39,270 [INFO] ADCParametersView:116 -                Rank 1 : true
2026-04-18 01:57:39,270 [INFO] ADCParametersView:116 -                Rank 2 : true
2026-04-18 01:57:39,270 [INFO] ADCParametersView:116 -                Rank 1 : true
2026-04-18 01:57:39,270 [INFO] ADCParametersView:116 -                Rank 2 : true
2026-04-18 01:57:39,271 [INFO] ADCParametersView:116 -                Rank 1 : true
2026-04-18 01:57:39,271 [INFO] ADCParametersView:116 -                Rank 2 : true
2026-04-18 01:57:39,271 [INFO] ADCParametersView:116 -                Rank 1 : true
2026-04-18 01:57:39,271 [INFO] ADCParametersView:116 -                Rank 2 : true
2026-04-18 01:57:39,271 [INFO] ADCParametersView:116 -                Rank 1 : true
2026-04-18 01:57:39,271 [INFO] ADCParametersView:116 -                Rank 2 : true
2026-04-18 01:57:39,271 [INFO] ADCParametersView:116 -                Rank 1 : true
2026-04-18 01:57:39,271 [INFO] ADCParametersView:116 -                Rank 2 : true
2026-04-18 01:57:39,271 [INFO] ADCParametersView:116 -                Rank 1 : true
2026-04-18 01:57:39,271 [INFO] ADCParametersView:116 -                Rank 2 : true
2026-04-18 01:57:39,271 [INFO] ADCParametersView:116 -                Rank 1 : true
2026-04-18 01:57:39,272 [INFO] ADCParametersView:116 -                Rank 2 : true
2026-04-18 01:57:39,272 [INFO] ADCParametersView:116 -                Rank 1 : true
2026-04-18 01:57:39,272 [INFO] ADCParametersView:116 -                Rank 2 : true
2026-04-18 01:57:39,272 [INFO] ADCParametersView:116 -                Rank 2 : true
2026-04-18 01:57:39,300 [INFO] ADCParametersView:116 -                Rank 1 : true
2026-04-18 01:57:39,300 [INFO] ADCParametersView:116 -                Rank 1 : true
2026-04-18 01:57:39,300 [INFO] ADCParametersView:116 -                Rank 2 : true
2026-04-18 01:57:39,301 [INFO] ADCParametersView:116 -                Rank 1 : true
2026-04-18 01:57:39,302 [INFO] ADCParametersView:116 -                Rank 2 : true
2026-04-18 01:57:39,303 [INFO] ADCParametersView:116 -                Rank 1 : true
2026-04-18 01:57:39,304 [INFO] ADCParametersView:116 -                Rank 2 : true
2026-04-18 01:57:39,304 [INFO] ADCParametersView:116 -                Rank 1 : true
2026-04-18 01:57:39,305 [INFO] ADCParametersView:116 -                Rank 2 : true
2026-04-18 01:57:39,305 [INFO] ADCParametersView:116 -                Rank 1 : true
2026-04-18 01:57:39,306 [INFO] ADCParametersView:116 -                Rank 2 : true
2026-04-18 01:57:39,306 [INFO] ADCParametersView:116 -                Rank 1 : true
2026-04-18 01:57:39,306 [INFO] ADCParametersView:116 -                Rank 2 : true
2026-04-18 01:57:39,307 [INFO] ADCParametersView:116 -                Rank 1 : true
2026-04-18 01:57:39,307 [INFO] ADCParametersView:116 -                Rank 2 : true
2026-04-18 01:57:39,308 [INFO] ADCParametersView:116 -                Rank 1 : true
2026-04-18 01:57:39,308 [INFO] ADCParametersView:116 -                Rank 2 : true
2026-04-18 01:57:39,308 [INFO] ADCParametersView:116 -                Rank 1 : true
2026-04-18 01:57:39,309 [INFO] ADCParametersView:116 -                Rank 2 : true
2026-04-18 01:57:39,309 [INFO] ADCParametersView:116 -                Rank 1 : true
2026-04-18 01:57:39,309 [INFO] ADCParametersView:116 -                Rank 2 : true
2026-04-18 01:57:39,309 [INFO] ADCParametersView:116 -                Rank 1 : true
2026-04-18 01:57:39,309 [INFO] ADCParametersView:116 -                Rank 2 : true
2026-04-18 01:57:39,309 [INFO] ADCParametersView:116 -                Rank 1 : true
2026-04-18 01:57:39,309 [INFO] ADCParametersView:116 -                Rank 2 : true
2026-04-18 01:57:39,310 [INFO] ADCParametersView:116 -                Rank 1 : true
2026-04-18 01:57:39,310 [INFO] ADCParametersView:116 -                Rank 2 : true
2026-04-18 01:57:39,310 [INFO] ADCParametersView:116 -                Rank 1 : true
2026-04-18 01:57:39,310 [INFO] ADCParametersView:116 -                Rank 2 : true
2026-04-18 01:57:39,310 [INFO] ADCParametersView:116 -                Rank 1 : true
2026-04-18 01:57:39,310 [INFO] ADCParametersView:116 -                Rank 2 : true
2026-04-18 01:57:39,310 [INFO] ADCParametersView:116 -                Rank 2 : true
2026-04-18 01:57:39,338 [INFO] ADCParametersView:116 -                Rank 1 : true
2026-04-18 01:57:39,339 [INFO] ADCParametersView:116 -                Rank 1 : true
2026-04-18 01:57:39,339 [INFO] ADCParametersView:116 -                Rank 2 : true
2026-04-18 01:57:40,265 [INFO] DmaTabbedPanel:205 - Cannot restore the selected Tab for DMA
2026-04-18 01:57:47,095 [INFO] ADCParametersView:116 -                Rank 1 : true
2026-04-18 01:57:47,096 [INFO] ADCParametersView:116 -                Rank 2 : true
2026-04-18 01:57:47,097 [INFO] ADCParametersView:116 -                Rank 1 : true
2026-04-18 01:57:47,097 [INFO] ADCParametersView:116 -                Rank 2 : true
2026-04-18 01:57:47,097 [INFO] ADCParametersView:116 -                Rank 1 : true
2026-04-18 01:57:47,098 [INFO] ADCParametersView:116 -                Rank 2 : true
2026-04-18 01:57:47,098 [INFO] ADCParametersView:116 -                Rank 1 : true
2026-04-18 01:57:47,098 [INFO] ADCParametersView:116 -                Rank 2 : true
2026-04-18 01:57:47,098 [INFO] ADCParametersView:116 -                Rank 1 : true
2026-04-18 01:57:47,099 [INFO] ADCParametersView:116 -                Rank 2 : true
2026-04-18 01:57:47,099 [INFO] ADCParametersView:116 -                Rank 1 : true
2026-04-18 01:57:47,099 [INFO] ADCParametersView:116 -                Rank 2 : true
2026-04-18 01:57:47,099 [INFO] ADCParametersView:116 -                Rank 1 : true
2026-04-18 01:57:47,099 [INFO] ADCParametersView:116 -                Rank 2 : true
2026-04-18 01:57:47,099 [INFO] ADCParametersView:116 -                Rank 1 : true
2026-04-18 01:57:47,099 [INFO] ADCParametersView:116 -                Rank 2 : true
2026-04-18 01:57:47,099 [INFO] ADCParametersView:116 -                Rank 1 : true
2026-04-18 01:57:47,099 [INFO] ADCParametersView:116 -                Rank 2 : true
2026-04-18 01:57:47,100 [INFO] ADCParametersView:116 -                Rank 1 : true
2026-04-18 01:57:47,100 [INFO] ADCParametersView:116 -                Rank 2 : true
2026-04-18 01:57:47,100 [INFO] ADCParametersView:116 -                Rank 1 : true
2026-04-18 01:57:47,100 [INFO] ADCParametersView:116 -                Rank 2 : true
2026-04-18 01:57:47,100 [INFO] ADCParametersView:116 -                Rank 1 : true
2026-04-18 01:57:47,100 [INFO] ADCParametersView:116 -                Rank 2 : true
2026-04-18 01:57:47,100 [INFO] ADCParametersView:116 -                Rank 1 : true
2026-04-18 01:57:47,100 [INFO] ADCParametersView:116 -                Rank 2 : true
2026-04-18 01:57:47,100 [INFO] ADCParametersView:116 -                Rank 1 : true
2026-04-18 01:57:47,100 [INFO] ADCParametersView:116 -                Rank 2 : true
2026-04-18 01:57:47,100 [INFO] ADCParametersView:116 -                Rank 2 : true
2026-04-18 01:57:47,126 [INFO] ADCParametersView:116 -                Rank 1 : true
2026-04-18 01:57:47,127 [INFO] ADCParametersView:116 -                Rank 1 : true
2026-04-18 01:57:47,127 [INFO] ADCParametersView:116 -                Rank 2 : true
2026-04-18 01:57:47,162 [INFO] ADCParametersView:116 -                Rank 1 : true
2026-04-18 01:57:47,162 [INFO] ADCParametersView:116 -                Rank 2 : true
2026-04-18 01:57:47,164 [INFO] ADCParametersView:116 -                Rank 1 : true
2026-04-18 01:57:47,164 [INFO] ADCParametersView:116 -                Rank 2 : true
2026-04-18 01:57:47,164 [INFO] ADCParametersView:116 -                Rank 1 : true
2026-04-18 01:57:47,164 [INFO] ADCParametersView:116 -                Rank 2 : true
2026-04-18 01:57:47,165 [INFO] ADCParametersView:116 -                Rank 1 : true
2026-04-18 01:57:47,165 [INFO] ADCParametersView:116 -                Rank 2 : true
2026-04-18 01:57:47,165 [INFO] ADCParametersView:116 -                Rank 1 : true
2026-04-18 01:57:47,165 [INFO] ADCParametersView:116 -                Rank 2 : true
2026-04-18 01:57:47,165 [INFO] ADCParametersView:116 -                Rank 1 : true
2026-04-18 01:57:47,165 [INFO] ADCParametersView:116 -                Rank 2 : true
2026-04-18 01:57:47,165 [INFO] ADCParametersView:116 -                Rank 1 : true
2026-04-18 01:57:47,166 [INFO] ADCParametersView:116 -                Rank 2 : true
2026-04-18 01:57:47,166 [INFO] ADCParametersView:116 -                Rank 1 : true
2026-04-18 01:57:47,166 [INFO] ADCParametersView:116 -                Rank 2 : true
2026-04-18 01:57:47,166 [INFO] ADCParametersView:116 -                Rank 1 : true
2026-04-18 01:57:47,166 [INFO] ADCParametersView:116 -                Rank 2 : true
2026-04-18 01:57:47,166 [INFO] ADCParametersView:116 -                Rank 1 : true
2026-04-18 01:57:47,166 [INFO] ADCParametersView:116 -                Rank 2 : true
2026-04-18 01:57:47,167 [INFO] ADCParametersView:116 -                Rank 1 : true
2026-04-18 01:57:47,167 [INFO] ADCParametersView:116 -                Rank 2 : true
2026-04-18 01:57:47,167 [INFO] ADCParametersView:116 -                Rank 1 : true
2026-04-18 01:57:47,167 [INFO] ADCParametersView:116 -                Rank 2 : true
2026-04-18 01:57:47,167 [INFO] ADCParametersView:116 -                Rank 1 : true
2026-04-18 01:57:47,168 [INFO] ADCParametersView:116 -                Rank 2 : true
2026-04-18 01:57:47,168 [INFO] ADCParametersView:116 -                Rank 1 : true
2026-04-18 01:57:47,168 [INFO] ADCParametersView:116 -                Rank 2 : true
2026-04-18 01:57:47,168 [INFO] ADCParametersView:116 -                Rank 2 : true
2026-04-18 01:57:47,192 [INFO] ADCParametersView:116 -                Rank 1 : true
2026-04-18 01:57:47,193 [INFO] ADCParametersView:116 -                Rank 1 : true
2026-04-18 01:57:47,193 [INFO] ADCParametersView:116 -                Rank 2 : true
2026-04-18 01:57:51,977 [INFO] UtilMem:75 - End SaveConfig() Used Memory: 734402032 Bytes (1073741824)
2026-04-18 01:57:54,654 [INFO] UtilMem:75 - End SaveConfig() Used Memory: 753798640 Bytes (1073741824)
2026-04-18 01:57:55,315 [INFO] UtilMem:75 - End SaveConfig() Used Memory: 769527280 Bytes (1073741824)
2026-04-18 01:57:56,322 [INFO] BlockDiagram:2775 - set Specific Code input for plugin: NVIC
2026-04-18 01:57:56,322 [INFO] BlockDiagram:2775 - set Specific Code input for plugin: DMA
2026-04-18 01:57:56,323 [INFO] BlockDiagram:2775 - set Specific Code input for plugin: TIM1_8
2026-04-18 01:57:56,323 [INFO] BlockDiagram:2775 - set Specific Code input for plugin: TIM1_8
2026-04-18 01:57:56,323 [INFO] BlockDiagram:2775 - set Specific Code input for plugin: SYS
2026-04-18 01:57:56,323 [INFO] BlockDiagram:2775 - set Specific Code input for plugin: GPIO
2026-04-18 01:57:56,324 [INFO] BlockDiagram:2775 - set Specific Code input for plugin: ADC
2026-04-18 01:57:56,324 [INFO] BlockDiagram:2775 - set Specific Code input for plugin: RCC
2026-04-18 01:57:56,325 [INFO] CodeGenerator:892 - code generatio: config db path: /home/anbu/st/stm32cubeide_1.19.0/plugins/com.st.stm32cube.common.mx_6.15.0.202507011659//db/
2026-04-18 01:57:56,483 [INFO] CodeEngine:265 - oldGeneratedFile, /mnt/windows_z/Z/projects/robarm/sourcecode/modified_servo_test/MXTmpFiles/license.tmp_save
2026-04-18 01:57:57,078 [INFO] CodeEngine:289 - Generated code: /mnt/windows_z/Z/projects/robarm/sourcecode/modified_servo_test/MXTmpFiles/license.tmp
2026-04-18 01:57:57,153 [INFO] CodeEngine:265 - oldGeneratedFile, /mnt/windows_z/Z/projects/robarm/sourcecode/modified_servo_test/MXTmpFiles/gpio.tmp_save
2026-04-18 01:57:57,516 [INFO] CodeEngine:289 - Generated code: /mnt/windows_z/Z/projects/robarm/sourcecode/modified_servo_test/MXTmpFiles/gpio.tmp
2026-04-18 01:57:57,986 [INFO] CodeEngine:265 - oldGeneratedFile, /mnt/windows_z/Z/projects/robarm/sourcecode/modified_servo_test/MXTmpFiles/dma.tmp_save
2026-04-18 01:57:58,292 [INFO] CodeEngine:289 - Generated code: /mnt/windows_z/Z/projects/robarm/sourcecode/modified_servo_test/MXTmpFiles/dma.tmp
2026-04-18 01:57:58,314 [INFO] CodeEngine:265 - oldGeneratedFile, /mnt/windows_z/Z/projects/robarm/sourcecode/modified_servo_test/MXTmpFiles/dma_GV.tmp_save
2026-04-18 01:57:58,600 [INFO] CodeEngine:289 - Generated code: /mnt/windows_z/Z/projects/robarm/sourcecode/modified_servo_test/MXTmpFiles/dma_GV.tmp
2026-04-18 01:57:58,636 [INFO] CodeEngine:265 - oldGeneratedFile, /mnt/windows_z/Z/projects/robarm/sourcecode/modified_servo_test/Core/Src/stm32f4xx_it.c_save
2026-04-18 01:57:59,280 [INFO] CodeEngine:289 - Generated code: /mnt/windows_z/Z/projects/robarm/sourcecode/modified_servo_test/Core/Src/stm32f4xx_it.c
2026-04-18 01:57:59,298 [INFO] CodeEngine:265 - oldGeneratedFile, /mnt/windows_z/Z/projects/robarm/sourcecode/modified_servo_test/Core/Inc/stm32f4xx_it.h_save
2026-04-18 01:57:59,467 [INFO] CodeEngine:289 - Generated code: /mnt/windows_z/Z/projects/robarm/sourcecode/modified_servo_test/Core/Inc/stm32f4xx_it.h
2026-04-18 01:57:59,504 [INFO] CodeEngine:265 - oldGeneratedFile, /mnt/windows_z/Z/projects/robarm/sourcecode/modified_servo_test/Core/Src/stm32f4xx_hal_msp.c_save
2026-04-18 01:57:59,801 [INFO] CodeEngine:289 - Generated code: /mnt/windows_z/Z/projects/robarm/sourcecode/modified_servo_test/Core/Src/stm32f4xx_hal_msp.c
2026-04-18 01:57:59,823 [INFO] CodeEngine:265 - oldGeneratedFile, /mnt/windows_z/Z/projects/robarm/sourcecode/modified_servo_test/MXTmpFiles/system.tmp_save
2026-04-18 01:57:59,960 [INFO] CodeEngine:289 - Generated code: /mnt/windows_z/Z/projects/robarm/sourcecode/modified_servo_test/MXTmpFiles/system.tmp
2026-04-18 01:57:59,995 [INFO] CodeEngine:321 - oldGeneratedFile, /mnt/windows_z/Z/projects/robarm/sourcecode/modified_servo_test/Core/Inc/stm32f4xx_hal_conf.h_save
2026-04-18 01:58:00,172 [INFO] CodeEngine:345 - Generated code: /mnt/windows_z/Z/projects/robarm/sourcecode/modified_servo_test/Core/Inc/stm32f4xx_hal_conf.h
2026-04-18 01:58:00,211 [WARN] IPConfigManager:3811 - IP not found : TIM
2026-04-18 01:58:00,212 [WARN] CodeGenerator:4259 - IP not found : null
2026-04-18 01:58:00,233 [INFO] CodeEngine:265 - oldGeneratedFile, /mnt/windows_z/Z/projects/robarm/sourcecode/modified_servo_test/Core/Inc/main.h_save
2026-04-18 01:58:00,443 [INFO] CodeEngine:289 - Generated code: /mnt/windows_z/Z/projects/robarm/sourcecode/modified_servo_test/Core/Inc/main.h
2026-04-18 01:58:00,465 [INFO] CodeEngine:265 - oldGeneratedFile, /mnt/windows_z/Z/projects/robarm/sourcecode/modified_servo_test/Core/Src/main.c_save
2026-04-18 01:58:00,759 [INFO] CodeEngine:289 - Generated code: /mnt/windows_z/Z/projects/robarm/sourcecode/modified_servo_test/Core/Src/main.c
2026-04-18 01:58:01,626 [INFO] ProjectBuilder:3606 - Time for Copy HAL[1] : 511mS.
2026-04-18 01:58:01,636 [INFO] ProjectBuilder:5216 - Project Generator version: 4.7.0-B52
2026-04-18 01:58:01,791 [INFO] ConfigFileManager:1595 - The Die is : DIE431
2026-04-18 01:58:03,068 [INFO] ProjectBuilder:5496 - Time for Generating toolchain IDE Files: 1432mS.
2026-04-18 01:58:03,070 [INFO] ProjectBuilder:3463 - Time for Copy CMSIS : 1mS.
2026-04-18 01:58:03,078 [INFO] ProjectBuilder:3463 - Time for Copy CMSIS : 0mS.
2026-04-18 02:03:47,693 [INFO] ADCParametersView:116 -                Rank 1 : true
2026-04-18 02:03:47,694 [INFO] ADCParametersView:116 -                Rank 2 : true
2026-04-18 02:03:50,563 [INFO] NvicIntPanel:101 - NVIC parent = com.st.microxplorer.plugins.ip.nvic.MultiNvicIntPanel[,0,0,0x0,invalid,layout=javax.swing.BoxLayout,alignmentX=0.0,alignmentY=0.0,border=,flags=9,maximumSize=,minimumSize=,preferredSize=]
2026-04-18 02:03:50,624 [INFO] ADCParametersView:116 -                Rank 1 : true
2026-04-18 02:03:50,624 [INFO] ADCParametersView:116 -                Rank 2 : true
2026-04-18 02:03:50,628 [INFO] ADCParametersView:116 -                Rank 1 : true
2026-04-18 02:03:50,628 [INFO] ADCParametersView:116 -                Rank 2 : true
2026-04-18 02:03:50,628 [INFO] ADCParametersView:116 -                Rank 1 : true
2026-04-18 02:03:50,628 [INFO] ADCParametersView:116 -                Rank 2 : true
2026-04-18 02:03:50,628 [INFO] ADCParametersView:116 -                Rank 1 : true
2026-04-18 02:03:50,629 [INFO] ADCParametersView:116 -                Rank 2 : true
2026-04-18 02:03:50,629 [INFO] ADCParametersView:116 -                Rank 1 : true
2026-04-18 02:03:50,629 [INFO] ADCParametersView:116 -                Rank 2 : true
2026-04-18 02:03:50,629 [INFO] ADCParametersView:116 -                Rank 1 : true
2026-04-18 02:03:50,629 [INFO] ADCParametersView:116 -                Rank 2 : true
2026-04-18 02:03:50,629 [INFO] ADCParametersView:116 -                Rank 1 : true
2026-04-18 02:03:50,629 [INFO] ADCParametersView:116 -                Rank 2 : true
2026-04-18 02:03:50,629 [INFO] ADCParametersView:116 -                Rank 1 : true
2026-04-18 02:03:50,629 [INFO] ADCParametersView:116 -                Rank 2 : true
2026-04-18 02:03:50,629 [INFO] ADCParametersView:116 -                Rank 1 : true
2026-04-18 02:03:50,629 [INFO] ADCParametersView:116 -                Rank 2 : true
2026-04-18 02:03:50,630 [INFO] ADCParametersView:116 -                Rank 1 : true
2026-04-18 02:03:50,630 [INFO] ADCParametersView:116 -                Rank 2 : true
2026-04-18 02:03:50,630 [INFO] ADCParametersView:116 -                Rank 1 : true
2026-04-18 02:03:50,630 [INFO] ADCParametersView:116 -                Rank 2 : true
2026-04-18 02:03:50,630 [INFO] ADCParametersView:116 -                Rank 1 : true
2026-04-18 02:03:50,630 [INFO] ADCParametersView:116 -                Rank 2 : true
2026-04-18 02:03:50,630 [INFO] ADCParametersView:116 -                Rank 1 : true
2026-04-18 02:03:50,630 [INFO] ADCParametersView:116 -                Rank 2 : true
2026-04-18 02:03:50,630 [INFO] ADCParametersView:116 -                Rank 1 : true
2026-04-18 02:03:50,631 [INFO] ADCParametersView:116 -                Rank 2 : true
2026-04-18 02:03:50,631 [INFO] ADCParametersView:116 -                Rank 2 : true
2026-04-18 02:03:50,685 [INFO] ADCParametersView:116 -                Rank 1 : true
2026-04-18 02:03:50,685 [INFO] ADCParametersView:116 -                Rank 1 : true
2026-04-18 02:03:50,686 [INFO] ADCParametersView:116 -                Rank 2 : true
2026-04-18 02:03:51,981 [INFO] UtilMem:75 - End SaveConfig() Used Memory: 703070408 Bytes (1073741824)
2026-04-18 02:03:54,660 [INFO] UtilMem:75 - End SaveConfig() Used Memory: 848822472 Bytes (1073741824)
2026-04-18 02:03:55,337 [INFO] UtilMem:75 - End SaveConfig() Used Memory: 901251272 Bytes (1073741824)
2026-04-18 02:03:55,933 [INFO] BlockDiagram:2775 - set Specific Code input for plugin: NVIC
2026-04-18 02:03:55,934 [INFO] BlockDiagram:2775 - set Specific Code input for plugin: DMA
2026-04-18 02:03:55,934 [INFO] BlockDiagram:2775 - set Specific Code input for plugin: TIM1_8
2026-04-18 02:03:55,934 [INFO] BlockDiagram:2775 - set Specific Code input for plugin: TIM1_8
2026-04-18 02:03:55,934 [INFO] BlockDiagram:2775 - set Specific Code input for plugin: SYS
2026-04-18 02:03:55,935 [INFO] BlockDiagram:2775 - set Specific Code input for plugin: GPIO
2026-04-18 02:03:55,935 [INFO] BlockDiagram:2775 - set Specific Code input for plugin: ADC
2026-04-18 02:03:55,936 [INFO] BlockDiagram:2775 - set Specific Code input for plugin: RCC
2026-04-18 02:03:55,945 [INFO] CodeGenerator:892 - code generatio: config db path: /home/anbu/st/stm32cubeide_1.19.0/plugins/com.st.stm32cube.common.mx_6.15.0.202507011659//db/
2026-04-18 02:03:55,951 [INFO] Argument:325 - Argument : hdmavalue: null
2026-04-18 02:03:55,952 [INFO] Argument:327 - 	 sub Args: 
2026-04-18 02:03:55,952 [INFO] Argument:325 - Argument : Instancevalue: DMA2_Stream0
2026-04-18 02:03:55,952 [INFO] Argument:335 - Argument : Instancevalue: DMA2_Stream0
2026-04-18 02:03:55,952 [INFO] Argument:325 - Argument : Initvalue: null
2026-04-18 02:03:55,952 [INFO] Argument:327 - 	 sub Args: 
2026-04-18 02:03:55,952 [INFO] Argument:325 - Argument : Channelvalue: DMA_CHANNEL_0
2026-04-18 02:03:55,952 [INFO] Argument:335 - Argument : Channelvalue: DMA_CHANNEL_0
2026-04-18 02:03:55,952 [INFO] Argument:325 - Argument : Directionvalue: DMA_PERIPH_TO_MEMORY
2026-04-18 02:03:55,952 [INFO] Argument:335 - Argument : Directionvalue: DMA_PERIPH_TO_MEMORY
2026-04-18 02:03:55,952 [INFO] Argument:325 - Argument : PeriphIncvalue: DMA_PINC_DISABLE
2026-04-18 02:03:55,952 [INFO] Argument:335 - Argument : PeriphIncvalue: DMA_PINC_DISABLE
2026-04-18 02:03:55,952 [INFO] Argument:325 - Argument : MemIncvalue: DMA_MINC_ENABLE
2026-04-18 02:03:55,953 [INFO] Argument:335 - Argument : MemIncvalue: DMA_MINC_ENABLE
2026-04-18 02:03:55,953 [INFO] Argument:325 - Argument : PeriphDataAlignmentvalue: DMA_PDATAALIGN_WORD
2026-04-18 02:03:55,953 [INFO] Argument:335 - Argument : PeriphDataAlignmentvalue: DMA_PDATAALIGN_WORD
2026-04-18 02:03:55,953 [INFO] Argument:325 - Argument : MemDataAlignmentvalue: DMA_MDATAALIGN_WORD
2026-04-18 02:03:55,953 [INFO] Argument:335 - Argument : MemDataAlignmentvalue: DMA_MDATAALIGN_WORD
2026-04-18 02:03:55,953 [INFO] Argument:325 - Argument : Modevalue: DMA_CIRCULAR
2026-04-18 02:03:55,953 [INFO] Argument:335 - Argument : Modevalue: DMA_CIRCULAR
2026-04-18 02:03:55,953 [INFO] Argument:325 - Argument : Priorityvalue: DMA_PRIORITY_LOW
2026-04-18 02:03:55,953 [INFO] Argument:335 - Argument : Priorityvalue: DMA_PRIORITY_LOW
2026-04-18 02:03:55,953 [INFO] Argument:325 - Argument : FIFOModevalue: DMA_FIFOMODE_DISABLE
2026-04-18 02:03:55,953 [INFO] Argument:335 - Argument : FIFOModevalue: DMA_FIFOMODE_DISABLE
2026-04-18 02:03:55,953 [INFO] Argument:325 - Argument : FIFOThresholdvalue: null
2026-04-18 02:03:55,953 [INFO] Argument:335 - Argument : FIFOThresholdvalue: null
2026-04-18 02:03:55,953 [INFO] Argument:325 - Argument : MemBurstvalue: null
2026-04-18 02:03:55,954 [INFO] Argument:335 - Argument : MemBurstvalue: null
2026-04-18 02:03:55,954 [INFO] Argument:325 - Argument : PeriphBurstvalue: null
2026-04-18 02:03:55,954 [INFO] Argument:335 - Argument : PeriphBurstvalue: null
2026-04-18 02:03:55,954 [INFO] Argument:325 - Argument : Lockvalue: null
2026-04-18 02:03:55,954 [INFO] Argument:335 - Argument : Lockvalue: null
2026-04-18 02:03:55,954 [INFO] Argument:325 - Argument : Statevalue: null
2026-04-18 02:03:55,954 [INFO] Argument:335 - Argument : Statevalue: null
2026-04-18 02:03:55,954 [INFO] Argument:325 - Argument : Parentvalue: null
2026-04-18 02:03:55,954 [INFO] Argument:335 - Argument : Parentvalue: null
2026-04-18 02:03:55,954 [INFO] Argument:325 - Argument : XferCpltCallbackvalue: null
2026-04-18 02:03:55,954 [INFO] Argument:335 - Argument : XferCpltCallbackvalue: null
2026-04-18 02:03:55,954 [INFO] Argument:325 - Argument : XferHalfCpltCallbackvalue: null
2026-04-18 02:03:55,954 [INFO] Argument:335 - Argument : XferHalfCpltCallbackvalue: null
2026-04-18 02:03:55,955 [INFO] Argument:325 - Argument : XferM1CpltCallbackvalue: null
2026-04-18 02:03:55,955 [INFO] Argument:335 - Argument : XferM1CpltCallbackvalue: null
2026-04-18 02:03:55,955 [INFO] Argument:325 - Argument : XferErrorCallbackvalue: null
2026-04-18 02:03:55,955 [INFO] Argument:335 - Argument : XferErrorCallbackvalue: null
2026-04-18 02:03:55,955 [INFO] Argument:325 - Argument : ErrorCodevalue: null
2026-04-18 02:03:55,955 [INFO] Argument:335 - Argument : ErrorCodevalue: null
2026-04-18 02:03:56,106 [INFO] CodeEngine:265 - oldGeneratedFile, /mnt/windows_z/Z/projects/robarm/sourcecode/modified_servo_test/MXTmpFiles/license.tmp_save
2026-04-18 02:03:56,245 [INFO] CodeEngine:289 - Generated code: /mnt/windows_z/Z/projects/robarm/sourcecode/modified_servo_test/MXTmpFiles/license.tmp
2026-04-18 02:03:56,279 [INFO] CodeEngine:265 - oldGeneratedFile, /mnt/windows_z/Z/projects/robarm/sourcecode/modified_servo_test/MXTmpFiles/gpio.tmp_save
2026-04-18 02:03:56,417 [INFO] CodeEngine:289 - Generated code: /mnt/windows_z/Z/projects/robarm/sourcecode/modified_servo_test/MXTmpFiles/gpio.tmp
2026-04-18 02:03:56,599 [INFO] CodeEngine:265 - oldGeneratedFile, /mnt/windows_z/Z/projects/robarm/sourcecode/modified_servo_test/MXTmpFiles/dma.tmp_save
2026-04-18 02:03:56,724 [INFO] CodeEngine:289 - Generated code: /mnt/windows_z/Z/projects/robarm/sourcecode/modified_servo_test/MXTmpFiles/dma.tmp
2026-04-18 02:03:56,742 [INFO] CodeEngine:265 - oldGeneratedFile, /mnt/windows_z/Z/projects/robarm/sourcecode/modified_servo_test/MXTmpFiles/dma_GV.tmp_save
2026-04-18 02:03:56,870 [INFO] CodeEngine:289 - Generated code: /mnt/windows_z/Z/projects/robarm/sourcecode/modified_servo_test/MXTmpFiles/dma_GV.tmp
2026-04-18 02:03:56,899 [INFO] CodeEngine:265 - oldGeneratedFile, /mnt/windows_z/Z/projects/robarm/sourcecode/modified_servo_test/Core/Src/stm32f4xx_it.c_save
2026-04-18 02:03:57,058 [INFO] CodeEngine:289 - Generated code: /mnt/windows_z/Z/projects/robarm/sourcecode/modified_servo_test/Core/Src/stm32f4xx_it.c
2026-04-18 02:03:57,072 [INFO] CodeEngine:265 - oldGeneratedFile, /mnt/windows_z/Z/projects/robarm/sourcecode/modified_servo_test/Core/Inc/stm32f4xx_it.h_save
2026-04-18 02:03:57,193 [INFO] CodeEngine:289 - Generated code: /mnt/windows_z/Z/projects/robarm/sourcecode/modified_servo_test/Core/Inc/stm32f4xx_it.h
2026-04-18 02:03:57,227 [INFO] CodeEngine:265 - oldGeneratedFile, /mnt/windows_z/Z/projects/robarm/sourcecode/modified_servo_test/Core/Src/stm32f4xx_hal_msp.c_save
2026-04-18 02:03:57,441 [INFO] CodeEngine:289 - Generated code: /mnt/windows_z/Z/projects/robarm/sourcecode/modified_servo_test/Core/Src/stm32f4xx_hal_msp.c
2026-04-18 02:03:57,454 [INFO] CodeEngine:265 - oldGeneratedFile, /mnt/windows_z/Z/projects/robarm/sourcecode/modified_servo_test/MXTmpFiles/system.tmp_save
2026-04-18 02:03:57,587 [INFO] CodeEngine:289 - Generated code: /mnt/windows_z/Z/projects/robarm/sourcecode/modified_servo_test/MXTmpFiles/system.tmp
2026-04-18 02:03:57,612 [INFO] CodeEngine:321 - oldGeneratedFile, /mnt/windows_z/Z/projects/robarm/sourcecode/modified_servo_test/Core/Inc/stm32f4xx_hal_conf.h_save
2026-04-18 02:03:57,779 [INFO] CodeEngine:345 - Generated code: /mnt/windows_z/Z/projects/robarm/sourcecode/modified_servo_test/Core/Inc/stm32f4xx_hal_conf.h
2026-04-18 02:03:57,813 [WARN] IPConfigManager:3811 - IP not found : TIM
2026-04-18 02:03:57,814 [WARN] CodeGenerator:4259 - IP not found : null
2026-04-18 02:03:57,830 [INFO] CodeEngine:265 - oldGeneratedFile, /mnt/windows_z/Z/projects/robarm/sourcecode/modified_servo_test/Core/Inc/main.h_save
2026-04-18 02:03:57,978 [INFO] CodeEngine:289 - Generated code: /mnt/windows_z/Z/projects/robarm/sourcecode/modified_servo_test/Core/Inc/main.h
2026-04-18 02:03:57,995 [INFO] CodeEngine:265 - oldGeneratedFile, /mnt/windows_z/Z/projects/robarm/sourcecode/modified_servo_test/Core/Src/main.c_save
2026-04-18 02:03:58,232 [INFO] CodeEngine:289 - Generated code: /mnt/windows_z/Z/projects/robarm/sourcecode/modified_servo_test/Core/Src/main.c
2026-04-18 02:03:59,024 [INFO] ProjectBuilder:3606 - Time for Copy HAL[1] : 462mS.
2026-04-18 02:03:59,033 [INFO] ProjectBuilder:5216 - Project Generator version: 4.7.0-B52
2026-04-18 02:03:59,173 [INFO] ConfigFileManager:1595 - The Die is : DIE431
2026-04-18 02:04:00,205 [INFO] ProjectBuilder:5496 - Time for Generating toolchain IDE Files: 1173mS.
2026-04-18 02:04:00,206 [INFO] ProjectBuilder:3463 - Time for Copy CMSIS : 1mS.
2026-04-18 02:04:00,216 [INFO] ProjectBuilder:3463 - Time for Copy CMSIS : 1mS.
2026-04-18 02:06:28,482 [INFO] ParamManager:905 - [Generic UI] PropertyChangeEvent: TAB_STATUS_CHANGED , "dont care", "never mind"
2026-04-18 02:06:28,517 [INFO] ADCParametersView:116 -                Rank 1 : true
2026-04-18 02:06:28,518 [INFO] ADCParametersView:116 -                Rank 2 : true
2026-04-18 02:06:28,521 [INFO] ADCParametersView:116 -                Rank 1 : true
2026-04-18 02:06:28,521 [INFO] ADCParametersView:116 -                Rank 2 : true
2026-04-18 02:06:28,522 [INFO] ADCParametersView:116 -                Rank 1 : true
2026-04-18 02:06:28,522 [INFO] ADCParametersView:116 -                Rank 2 : true
2026-04-18 02:06:28,523 [INFO] ADCParametersView:116 -                Rank 1 : true
2026-04-18 02:06:28,523 [INFO] ADCParametersView:116 -                Rank 2 : true
2026-04-18 02:06:28,524 [INFO] ADCParametersView:116 -                Rank 1 : true
2026-04-18 02:06:28,524 [INFO] ADCParametersView:116 -                Rank 2 : true
2026-04-18 02:06:28,524 [INFO] ADCParametersView:116 -                Rank 1 : true
2026-04-18 02:06:28,524 [INFO] ADCParametersView:116 -                Rank 2 : true
2026-04-18 02:06:28,525 [INFO] ADCParametersView:116 -                Rank 1 : true
2026-04-18 02:06:28,525 [INFO] ADCParametersView:116 -                Rank 2 : true
2026-04-18 02:06:28,525 [INFO] ADCParametersView:116 -                Rank 1 : true
2026-04-18 02:06:28,525 [INFO] ADCParametersView:116 -                Rank 2 : true
2026-04-18 02:06:28,525 [INFO] ADCParametersView:116 -                Rank 1 : true
2026-04-18 02:06:28,525 [INFO] ADCParametersView:116 -                Rank 2 : true
2026-04-18 02:06:28,526 [INFO] ADCParametersView:116 -                Rank 1 : true
2026-04-18 02:06:28,526 [INFO] ADCParametersView:116 -                Rank 2 : true
2026-04-18 02:06:28,526 [INFO] ADCParametersView:116 -                Rank 1 : true
2026-04-18 02:06:28,526 [INFO] ADCParametersView:116 -                Rank 2 : true
2026-04-18 02:06:28,526 [INFO] ADCParametersView:116 -                Rank 1 : true
2026-04-18 02:06:28,526 [INFO] ADCParametersView:116 -                Rank 2 : true
2026-04-18 02:06:28,526 [INFO] ADCParametersView:116 -                Rank 1 : true
2026-04-18 02:06:28,526 [INFO] ADCParametersView:116 -                Rank 2 : true
2026-04-18 02:06:28,526 [INFO] ADCParametersView:116 -                Rank 1 : true
2026-04-18 02:06:28,527 [INFO] ADCParametersView:116 -                Rank 2 : true
2026-04-18 02:06:28,527 [INFO] ADCParametersView:116 -                Rank 2 : true
2026-04-18 02:06:28,558 [INFO] ADCParametersView:116 -                Rank 1 : true
2026-04-18 02:06:28,558 [INFO] ADCParametersView:116 -                Rank 1 : true
2026-04-18 02:06:28,558 [INFO] ADCParametersView:116 -                Rank 2 : true
2026-04-18 02:06:28,611 [INFO] ADCParametersView:116 -                Rank 1 : true
2026-04-18 02:06:28,611 [INFO] ADCParametersView:116 -                Rank 2 : true
2026-04-18 02:06:28,613 [INFO] ADCParametersView:116 -                Rank 1 : true
2026-04-18 02:06:28,614 [INFO] ADCParametersView:116 -                Rank 2 : true
2026-04-18 02:06:28,614 [INFO] ADCParametersView:116 -                Rank 1 : true
2026-04-18 02:06:28,614 [INFO] ADCParametersView:116 -                Rank 2 : true
2026-04-18 02:06:28,615 [INFO] ADCParametersView:116 -                Rank 1 : true
2026-04-18 02:06:28,615 [INFO] ADCParametersView:116 -                Rank 2 : true
2026-04-18 02:06:28,616 [INFO] ADCParametersView:116 -                Rank 1 : true
2026-04-18 02:06:28,616 [INFO] ADCParametersView:116 -                Rank 2 : true
2026-04-18 02:06:28,616 [INFO] ADCParametersView:116 -                Rank 1 : true
2026-04-18 02:06:28,616 [INFO] ADCParametersView:116 -                Rank 2 : true
2026-04-18 02:06:28,616 [INFO] ADCParametersView:116 -                Rank 1 : true
2026-04-18 02:06:28,617 [INFO] ADCParametersView:116 -                Rank 2 : true
2026-04-18 02:06:28,617 [INFO] ADCParametersView:116 -                Rank 1 : true
2026-04-18 02:06:28,617 [INFO] ADCParametersView:116 -                Rank 2 : true
2026-04-18 02:06:28,617 [INFO] ADCParametersView:116 -                Rank 1 : true
2026-04-18 02:06:28,617 [INFO] ADCParametersView:116 -                Rank 2 : true
2026-04-18 02:06:28,618 [INFO] ADCParametersView:116 -                Rank 1 : true
2026-04-18 02:06:28,618 [INFO] ADCParametersView:116 -                Rank 2 : true
2026-04-18 02:06:28,618 [INFO] ADCParametersView:116 -                Rank 1 : true
2026-04-18 02:06:28,618 [INFO] ADCParametersView:116 -                Rank 2 : true
2026-04-18 02:06:28,618 [INFO] ADCParametersView:116 -                Rank 1 : true
2026-04-18 02:06:28,619 [INFO] ADCParametersView:116 -                Rank 2 : true
2026-04-18 02:06:28,619 [INFO] ADCParametersView:116 -                Rank 1 : true
2026-04-18 02:06:28,619 [INFO] ADCParametersView:116 -                Rank 2 : true
2026-04-18 02:06:28,619 [INFO] ADCParametersView:116 -                Rank 1 : true
2026-04-18 02:06:28,619 [INFO] ADCParametersView:116 -                Rank 2 : true
2026-04-18 02:06:28,619 [INFO] ADCParametersView:116 -                Rank 2 : true
2026-04-18 02:06:28,650 [INFO] ADCParametersView:116 -                Rank 1 : true
2026-04-18 02:06:28,651 [INFO] ADCParametersView:116 -                Rank 1 : true
2026-04-18 02:06:28,651 [INFO] ADCParametersView:116 -                Rank 2 : true
2026-04-18 02:06:28,728 [INFO] ADCParametersView:116 -                Rank 1 : true
2026-04-18 02:06:28,728 [INFO] ADCParametersView:116 -                Rank 2 : true
2026-04-18 02:06:28,730 [INFO] ADCParametersView:116 -                Rank 1 : true
2026-04-18 02:06:28,731 [INFO] ADCParametersView:116 -                Rank 2 : true
2026-04-18 02:06:28,731 [INFO] ADCParametersView:116 -                Rank 1 : true
2026-04-18 02:06:28,731 [INFO] ADCParametersView:116 -                Rank 2 : true
2026-04-18 02:06:28,731 [INFO] ADCParametersView:116 -                Rank 1 : true
2026-04-18 02:06:28,731 [INFO] ADCParametersView:116 -                Rank 2 : true
2026-04-18 02:06:28,732 [INFO] ADCParametersView:116 -                Rank 1 : true
2026-04-18 02:06:28,732 [INFO] ADCParametersView:116 -                Rank 2 : true
2026-04-18 02:06:28,732 [INFO] ADCParametersView:116 -                Rank 1 : true
2026-04-18 02:06:28,732 [INFO] ADCParametersView:116 -                Rank 2 : true
2026-04-18 02:06:28,733 [INFO] ADCParametersView:116 -                Rank 1 : true
2026-04-18 02:06:28,733 [INFO] ADCParametersView:116 -                Rank 2 : true
2026-04-18 02:06:28,733 [INFO] ADCParametersView:116 -                Rank 1 : true
2026-04-18 02:06:28,733 [INFO] ADCParametersView:116 -                Rank 2 : true
2026-04-18 02:06:28,733 [INFO] ADCParametersView:116 -                Rank 1 : true
2026-04-18 02:06:28,734 [INFO] ADCParametersView:116 -                Rank 2 : true
2026-04-18 02:06:28,734 [INFO] ADCParametersView:116 -                Rank 1 : true
2026-04-18 02:06:28,734 [INFO] ADCParametersView:116 -                Rank 2 : true
2026-04-18 02:06:28,734 [INFO] ADCParametersView:116 -                Rank 1 : true
2026-04-18 02:06:28,734 [INFO] ADCParametersView:116 -                Rank 2 : true
2026-04-18 02:06:28,734 [INFO] ADCParametersView:116 -                Rank 1 : true
2026-04-18 02:06:28,735 [INFO] ADCParametersView:116 -                Rank 2 : true
2026-04-18 02:06:28,735 [INFO] ADCParametersView:116 -                Rank 1 : true
2026-04-18 02:06:28,735 [INFO] ADCParametersView:116 -                Rank 2 : true
2026-04-18 02:06:28,735 [INFO] ADCParametersView:116 -                Rank 1 : true
2026-04-18 02:06:28,735 [INFO] ADCParametersView:116 -                Rank 2 : true
2026-04-18 02:06:28,735 [INFO] ADCParametersView:116 -                Rank 2 : true
2026-04-18 02:06:28,766 [INFO] ADCParametersView:116 -                Rank 1 : true
2026-04-18 02:06:28,767 [INFO] ADCParametersView:116 -                Rank 1 : true
2026-04-18 02:06:28,767 [INFO] ADCParametersView:116 -                Rank 2 : true
2026-04-18 02:06:28,814 [INFO] ADCParametersView:116 -                Rank 1 : true
2026-04-18 02:06:28,814 [INFO] ADCParametersView:116 -                Rank 2 : true
2026-04-18 02:06:28,816 [INFO] ADCParametersView:116 -                Rank 1 : true
2026-04-18 02:06:28,816 [INFO] ADCParametersView:116 -                Rank 2 : true
2026-04-18 02:06:28,817 [INFO] ADCParametersView:116 -                Rank 1 : true
2026-04-18 02:06:28,817 [INFO] ADCParametersView:116 -                Rank 2 : true
2026-04-18 02:06:28,818 [INFO] ADCParametersView:116 -                Rank 1 : true
2026-04-18 02:06:28,818 [INFO] ADCParametersView:116 -                Rank 2 : true
2026-04-18 02:06:28,819 [INFO] ADCParametersView:116 -                Rank 1 : true
2026-04-18 02:06:28,819 [INFO] ADCParametersView:116 -                Rank 2 : true
2026-04-18 02:06:28,820 [INFO] ADCParametersView:116 -                Rank 1 : true
2026-04-18 02:06:28,820 [INFO] ADCParametersView:116 -                Rank 2 : true
2026-04-18 02:06:28,820 [INFO] ADCParametersView:116 -                Rank 1 : true
2026-04-18 02:06:28,820 [INFO] ADCParametersView:116 -                Rank 2 : true
2026-04-18 02:06:28,820 [INFO] ADCParametersView:116 -                Rank 1 : true
2026-04-18 02:06:28,820 [INFO] ADCParametersView:116 -                Rank 2 : true
2026-04-18 02:06:28,820 [INFO] ADCParametersView:116 -                Rank 1 : true
2026-04-18 02:06:28,820 [INFO] ADCParametersView:116 -                Rank 2 : true
2026-04-18 02:06:28,820 [INFO] ADCParametersView:116 -                Rank 1 : true
2026-04-18 02:06:28,821 [INFO] ADCParametersView:116 -                Rank 2 : true
2026-04-18 02:06:28,821 [INFO] ADCParametersView:116 -                Rank 1 : true
2026-04-18 02:06:28,821 [INFO] ADCParametersView:116 -                Rank 2 : true
2026-04-18 02:06:28,821 [INFO] ADCParametersView:116 -                Rank 1 : true
2026-04-18 02:06:28,821 [INFO] ADCParametersView:116 -                Rank 2 : true
2026-04-18 02:06:28,821 [INFO] ADCParametersView:116 -                Rank 1 : true
2026-04-18 02:06:28,821 [INFO] ADCParametersView:116 -                Rank 2 : true
2026-04-18 02:06:28,821 [INFO] ADCParametersView:116 -                Rank 1 : true
2026-04-18 02:06:28,821 [INFO] ADCParametersView:116 -                Rank 2 : true
2026-04-18 02:06:28,821 [INFO] ADCParametersView:116 -                Rank 2 : true
2026-04-18 02:06:28,849 [INFO] ADCParametersView:116 -                Rank 1 : true
2026-04-18 02:06:28,850 [INFO] ADCParametersView:116 -                Rank 1 : true
2026-04-18 02:06:28,850 [INFO] ADCParametersView:116 -                Rank 2 : true
2026-04-18 02:06:29,071 [INFO] ADCParametersView:116 -                Rank 1 : true
2026-04-18 02:06:29,072 [INFO] ADCParametersView:116 -                Rank 2 : true
2026-04-18 02:06:29,073 [INFO] ADCParametersView:116 -                Rank 1 : true
2026-04-18 02:06:29,074 [INFO] ADCParametersView:116 -                Rank 2 : true
2026-04-18 02:06:29,074 [INFO] ADCParametersView:116 -                Rank 1 : true
2026-04-18 02:06:29,074 [INFO] ADCParametersView:116 -                Rank 2 : true
2026-04-18 02:06:29,075 [INFO] ADCParametersView:116 -                Rank 1 : true
2026-04-18 02:06:29,075 [INFO] ADCParametersView:116 -                Rank 2 : true
2026-04-18 02:06:29,075 [INFO] ADCParametersView:116 -                Rank 1 : true
2026-04-18 02:06:29,076 [INFO] ADCParametersView:116 -                Rank 2 : true
2026-04-18 02:06:29,076 [INFO] ADCParametersView:116 -                Rank 1 : true
2026-04-18 02:06:29,076 [INFO] ADCParametersView:116 -                Rank 2 : true
2026-04-18 02:06:29,076 [INFO] ADCParametersView:116 -                Rank 1 : true
2026-04-18 02:06:29,077 [INFO] ADCParametersView:116 -                Rank 2 : true
2026-04-18 02:06:29,077 [INFO] ADCParametersView:116 -                Rank 1 : true
2026-04-18 02:06:29,077 [INFO] ADCParametersView:116 -                Rank 2 : true
2026-04-18 02:06:29,077 [INFO] ADCParametersView:116 -                Rank 1 : true
2026-04-18 02:06:29,077 [INFO] ADCParametersView:116 -                Rank 2 : true
2026-04-18 02:06:29,077 [INFO] ADCParametersView:116 -                Rank 1 : true
2026-04-18 02:06:29,077 [INFO] ADCParametersView:116 -                Rank 2 : true
2026-04-18 02:06:29,078 [INFO] ADCParametersView:116 -                Rank 1 : true
2026-04-18 02:06:29,078 [INFO] ADCParametersView:116 -                Rank 2 : true
2026-04-18 02:06:29,078 [INFO] ADCParametersView:116 -                Rank 1 : true
2026-04-18 02:06:29,078 [INFO] ADCParametersView:116 -                Rank 2 : true
2026-04-18 02:06:29,078 [INFO] ADCParametersView:116 -                Rank 1 : true
2026-04-18 02:06:29,078 [INFO] ADCParametersView:116 -                Rank 2 : true
2026-04-18 02:06:29,078 [INFO] ADCParametersView:116 -                Rank 1 : true
2026-04-18 02:06:29,078 [INFO] ADCParametersView:116 -                Rank 2 : true
2026-04-18 02:06:29,078 [INFO] ADCParametersView:116 -                Rank 2 : true
2026-04-18 02:06:29,107 [INFO] ADCParametersView:116 -                Rank 1 : true
2026-04-18 02:06:29,107 [INFO] ADCParametersView:116 -                Rank 1 : true
2026-04-18 02:06:29,108 [INFO] ADCParametersView:116 -                Rank 2 : true
2026-04-18 02:06:29,156 [INFO] ADCParametersView:116 -                Rank 1 : true
2026-04-18 02:06:29,156 [INFO] ADCParametersView:116 -                Rank 2 : true
2026-04-18 02:06:29,158 [INFO] ADCParametersView:116 -                Rank 1 : true
2026-04-18 02:06:29,158 [INFO] ADCParametersView:116 -                Rank 2 : true
2026-04-18 02:06:29,159 [INFO] ADCParametersView:116 -                Rank 1 : true
2026-04-18 02:06:29,159 [INFO] ADCParametersView:116 -                Rank 2 : true
2026-04-18 02:06:29,159 [INFO] ADCParametersView:116 -                Rank 1 : true
2026-04-18 02:06:29,160 [INFO] ADCParametersView:116 -                Rank 2 : true
2026-04-18 02:06:29,160 [INFO] ADCParametersView:116 -                Rank 1 : true
2026-04-18 02:06:29,160 [INFO] ADCParametersView:116 -                Rank 2 : true
2026-04-18 02:06:29,161 [INFO] ADCParametersView:116 -                Rank 1 : true
2026-04-18 02:06:29,162 [INFO] ADCParametersView:116 -                Rank 2 : true
2026-04-18 02:06:29,163 [INFO] ADCParametersView:116 -                Rank 1 : true
2026-04-18 02:06:29,163 [INFO] ADCParametersView:116 -                Rank 2 : true
2026-04-18 02:06:29,164 [INFO] ADCParametersView:116 -                Rank 1 : true
2026-04-18 02:06:29,164 [INFO] ADCParametersView:116 -                Rank 2 : true
2026-04-18 02:06:29,165 [INFO] ADCParametersView:116 -                Rank 1 : true
2026-04-18 02:06:29,165 [INFO] ADCParametersView:116 -                Rank 2 : true
2026-04-18 02:06:29,166 [INFO] ADCParametersView:116 -                Rank 1 : true
2026-04-18 02:06:29,166 [INFO] ADCParametersView:116 -                Rank 2 : true
2026-04-18 02:06:29,166 [INFO] ADCParametersView:116 -                Rank 1 : true
2026-04-18 02:06:29,167 [INFO] ADCParametersView:116 -                Rank 2 : true
2026-04-18 02:06:29,167 [INFO] ADCParametersView:116 -                Rank 1 : true
2026-04-18 02:06:29,167 [INFO] ADCParametersView:116 -                Rank 2 : true
2026-04-18 02:06:29,168 [INFO] ADCParametersView:116 -                Rank 1 : true
2026-04-18 02:06:29,168 [INFO] ADCParametersView:116 -                Rank 2 : true
2026-04-18 02:06:29,168 [INFO] ADCParametersView:116 -                Rank 1 : true
2026-04-18 02:06:29,168 [INFO] ADCParametersView:116 -                Rank 2 : true
2026-04-18 02:06:29,168 [INFO] ADCParametersView:116 -                Rank 2 : true
2026-04-18 02:06:29,195 [INFO] ADCParametersView:116 -                Rank 1 : true
2026-04-18 02:06:29,196 [INFO] ADCParametersView:116 -                Rank 1 : true
2026-04-18 02:06:29,196 [INFO] ADCParametersView:116 -                Rank 2 : true
2026-04-18 02:06:35,912 [INFO] ADCParametersView:116 -                Rank 1 : true
2026-04-18 02:06:35,913 [INFO] ADCParametersView:116 -                Rank 2 : true
2026-04-18 02:06:35,920 [INFO] ADCParametersView:116 -                Rank 1 : true
2026-04-18 02:06:35,920 [INFO] ADCParametersView:116 -                Rank 2 : true
2026-04-18 02:06:35,920 [INFO] ADCParametersView:116 -                Rank 1 : true
2026-04-18 02:06:35,921 [INFO] ADCParametersView:116 -                Rank 2 : true
2026-04-18 02:06:35,921 [INFO] ADCParametersView:116 -                Rank 1 : true
2026-04-18 02:06:35,921 [INFO] ADCParametersView:116 -                Rank 2 : true
2026-04-18 02:06:35,921 [INFO] ADCParametersView:116 -                Rank 1 : true
2026-04-18 02:06:35,922 [INFO] ADCParametersView:116 -                Rank 2 : true
2026-04-18 02:06:35,922 [INFO] ADCParametersView:116 -                Rank 1 : true
2026-04-18 02:06:35,922 [INFO] ADCParametersView:116 -                Rank 2 : true
2026-04-18 02:06:35,922 [INFO] ADCParametersView:116 -                Rank 1 : true
2026-04-18 02:06:35,922 [INFO] ADCParametersView:116 -                Rank 2 : true
2026-04-18 02:06:35,923 [INFO] ADCParametersView:116 -                Rank 1 : true
2026-04-18 02:06:35,923 [INFO] ADCParametersView:116 -                Rank 2 : true
2026-04-18 02:06:35,923 [INFO] ADCParametersView:116 -                Rank 1 : true
2026-04-18 02:06:35,923 [INFO] ADCParametersView:116 -                Rank 2 : true
2026-04-18 02:06:35,923 [INFO] ADCParametersView:116 -                Rank 1 : true
2026-04-18 02:06:35,923 [INFO] ADCParametersView:116 -                Rank 2 : true
2026-04-18 02:06:35,923 [INFO] ADCParametersView:116 -                Rank 1 : true
2026-04-18 02:06:35,923 [INFO] ADCParametersView:116 -                Rank 2 : true
2026-04-18 02:06:35,924 [INFO] ADCParametersView:116 -                Rank 1 : true
2026-04-18 02:06:35,924 [INFO] ADCParametersView:116 -                Rank 2 : true
2026-04-18 02:06:35,924 [INFO] ADCParametersView:116 -                Rank 1 : true
2026-04-18 02:06:35,924 [INFO] ADCParametersView:116 -                Rank 2 : true
2026-04-18 02:06:35,924 [INFO] ADCParametersView:116 -                Rank 1 : true
2026-04-18 02:06:35,924 [INFO] ADCParametersView:116 -                Rank 2 : true
2026-04-18 02:06:35,924 [INFO] ADCParametersView:116 -                Rank 2 : true
2026-04-18 02:06:35,954 [INFO] ADCParametersView:116 -                Rank 1 : true
2026-04-18 02:06:35,955 [INFO] ADCParametersView:116 -                Rank 1 : true
2026-04-18 02:06:35,955 [INFO] ADCParametersView:116 -                Rank 2 : true
2026-04-18 02:06:37,830 [INFO] SpinnerEditorADC:65 - is string kkkk
2026-04-18 02:06:41,603 [INFO] NvicIntPanel:101 - NVIC parent = com.st.microxplorer.plugins.ip.nvic.MultiNvicIntPanel[,0,0,0x0,invalid,layout=javax.swing.BoxLayout,alignmentX=0.0,alignmentY=0.0,border=,flags=9,maximumSize=,minimumSize=,preferredSize=]
2026-04-18 02:06:41,663 [INFO] ADCParametersView:116 -                Rank 1 : true
2026-04-18 02:06:41,663 [INFO] ADCParametersView:116 -                Rank 2 : true
2026-04-18 02:06:41,667 [INFO] ADCParametersView:116 -                Rank 1 : true
2026-04-18 02:06:41,667 [INFO] ADCParametersView:116 -                Rank 2 : true
2026-04-18 02:06:41,668 [INFO] ADCParametersView:116 -                Rank 1 : true
2026-04-18 02:06:41,668 [INFO] ADCParametersView:116 -                Rank 2 : true
2026-04-18 02:06:41,669 [INFO] ADCParametersView:116 -                Rank 1 : true
2026-04-18 02:06:41,669 [INFO] ADCParametersView:116 -                Rank 2 : true
2026-04-18 02:06:41,670 [INFO] ADCParametersView:116 -                Rank 1 : true
2026-04-18 02:06:41,670 [INFO] ADCParametersView:116 -                Rank 2 : true
2026-04-18 02:06:41,671 [INFO] ADCParametersView:116 -                Rank 1 : true
2026-04-18 02:06:41,671 [INFO] ADCParametersView:116 -                Rank 2 : true
2026-04-18 02:06:41,672 [INFO] ADCParametersView:116 -                Rank 1 : true
2026-04-18 02:06:41,672 [INFO] ADCParametersView:116 -                Rank 2 : true
2026-04-18 02:06:41,672 [INFO] ADCParametersView:116 -                Rank 1 : true
2026-04-18 02:06:41,672 [INFO] ADCParametersView:116 -                Rank 2 : true
2026-04-18 02:06:41,673 [INFO] ADCParametersView:116 -                Rank 1 : true
2026-04-18 02:06:41,673 [INFO] ADCParametersView:116 -                Rank 2 : true
2026-04-18 02:06:41,673 [INFO] ADCParametersView:116 -                Rank 1 : true
2026-04-18 02:06:41,673 [INFO] ADCParametersView:116 -                Rank 2 : true
2026-04-18 02:06:41,673 [INFO] ADCParametersView:116 -                Rank 1 : true
2026-04-18 02:06:41,673 [INFO] ADCParametersView:116 -                Rank 2 : true
2026-04-18 02:06:41,673 [INFO] ADCParametersView:116 -                Rank 1 : true
2026-04-18 02:06:41,673 [INFO] ADCParametersView:116 -                Rank 2 : true
2026-04-18 02:06:41,673 [INFO] ADCParametersView:116 -                Rank 1 : true
2026-04-18 02:06:41,674 [INFO] ADCParametersView:116 -                Rank 2 : true
2026-04-18 02:06:41,674 [INFO] ADCParametersView:116 -                Rank 1 : true
2026-04-18 02:06:41,674 [INFO] ADCParametersView:116 -                Rank 2 : true
2026-04-18 02:06:41,674 [INFO] ADCParametersView:116 -                Rank 2 : true
2026-04-18 02:06:41,696 [INFO] ParamManager:905 - [Generic UI] PropertyChangeEvent: TAB_STATUS_CHANGED , "dont care", "never mind"
2026-04-18 02:06:41,709 [INFO] ADCParametersView:116 -                Rank 1 : true
2026-04-18 02:06:53,848 [INFO] UtilMem:75 - End SaveConfig() Used Memory: 918560656 Bytes (1073741824)
2026-04-18 02:06:56,112 [INFO] UtilMem:75 - End SaveConfig() Used Memory: 946345872 Bytes (1073741824)
2026-04-18 02:06:58,717 [INFO] UtilMem:75 - End SaveConfig() Used Memory: 1001920400 Bytes (1073741824)
2026-04-18 02:06:59,282 [INFO] ProjectBuilder:2395 - IP not ready for code generation: ADC1
2026-04-18 02:07:07,873 [INFO] ADCParametersView:116 -                Rank 1 : true
2026-04-18 02:07:07,874 [INFO] ADCParametersView:116 -                Rank 1 : true
2026-04-18 02:07:07,875 [INFO] ADCParametersView:116 -                Rank 1 : true
2026-04-18 02:07:07,875 [INFO] ADCParametersView:116 -                Rank 1 : true
2026-04-18 02:07:07,875 [INFO] ADCParametersView:116 -                Rank 1 : true
2026-04-18 02:07:07,876 [INFO] ADCParametersView:116 -                Rank 1 : true
2026-04-18 02:07:07,876 [INFO] ADCParametersView:116 -                Rank 1 : true
2026-04-18 02:07:07,876 [INFO] ADCParametersView:116 -                Rank 1 : true
2026-04-18 02:07:07,876 [INFO] ADCParametersView:116 -                Rank 1 : true
2026-04-18 02:07:07,876 [INFO] ADCParametersView:116 -                Rank 1 : true
2026-04-18 02:07:07,876 [INFO] ADCParametersView:116 -                Rank 1 : true
2026-04-18 02:07:07,877 [INFO] ADCParametersView:116 -                Rank 1 : true
2026-04-18 02:07:07,877 [INFO] ADCParametersView:116 -                Rank 1 : true
2026-04-18 02:07:07,877 [INFO] ADCParametersView:116 -                Rank 1 : true
2026-04-18 02:07:07,900 [INFO] ADCParametersView:116 -                Rank 1 : true
2026-04-18 02:07:07,902 [INFO] ADCParametersView:116 -                Rank 1 : true
2026-04-18 02:07:07,903 [INFO] ADCParametersView:116 -                Rank 1 : true
2026-04-18 02:07:07,903 [INFO] ADCParametersView:116 -                Rank 1 : true
2026-04-18 02:07:07,903 [INFO] ADCParametersView:116 -                Rank 1 : true
2026-04-18 02:07:07,903 [INFO] ADCParametersView:116 -                Rank 1 : true
2026-04-18 02:07:07,904 [INFO] ADCParametersView:116 -                Rank 1 : true
2026-04-18 02:07:07,904 [INFO] ADCParametersView:116 -                Rank 1 : true
2026-04-18 02:07:07,904 [INFO] ADCParametersView:116 -                Rank 1 : true
2026-04-18 02:07:07,904 [INFO] ADCParametersView:116 -                Rank 1 : true
2026-04-18 02:07:07,905 [INFO] ADCParametersView:116 -                Rank 1 : true
2026-04-18 02:07:07,905 [INFO] ADCParametersView:116 -                Rank 1 : true
2026-04-18 02:07:07,905 [INFO] ADCParametersView:116 -                Rank 1 : true
2026-04-18 02:07:07,905 [INFO] ADCParametersView:116 -                Rank 1 : true
2026-04-18 02:07:07,905 [INFO] ADCParametersView:116 -                Rank 1 : true
2026-04-18 02:07:07,927 [INFO] ADCParametersView:116 -                Rank 1 : true
2026-04-18 02:07:15,445 [INFO] ParamManager:905 - [Generic UI] PropertyChangeEvent: TAB_STATUS_CHANGED , "dont care", "never mind"
2026-04-18 02:07:15,458 [INFO] ADCParametersView:116 -                Rank 1 : true
2026-04-18 02:07:15,460 [INFO] ADCParametersView:116 -                Rank 1 : true
2026-04-18 02:07:15,460 [INFO] ADCParametersView:116 -                Rank 1 : true
2026-04-18 02:07:15,461 [INFO] ADCParametersView:116 -                Rank 1 : true
2026-04-18 02:07:15,461 [INFO] ADCParametersView:116 -                Rank 1 : true
2026-04-18 02:07:15,461 [INFO] ADCParametersView:116 -                Rank 1 : true
2026-04-18 02:07:15,462 [INFO] ADCParametersView:116 -                Rank 1 : true
2026-04-18 02:07:15,462 [INFO] ADCParametersView:116 -                Rank 1 : true
2026-04-18 02:07:15,462 [INFO] ADCParametersView:116 -                Rank 1 : true
2026-04-18 02:07:15,463 [INFO] ADCParametersView:116 -                Rank 1 : true
2026-04-18 02:07:15,463 [INFO] ADCParametersView:116 -                Rank 1 : true
2026-04-18 02:07:15,464 [INFO] ADCParametersView:116 -                Rank 1 : true
2026-04-18 02:07:15,464 [INFO] ADCParametersView:116 -                Rank 1 : true
2026-04-18 02:07:15,465 [INFO] ADCParametersView:116 -                Rank 1 : true
2026-04-18 02:07:15,473 [INFO] ParamManager:905 - [Generic UI] PropertyChangeEvent: TAB_STATUS_CHANGED , "dont care", "never mind"
2026-04-18 02:07:15,487 [INFO] ADCParametersView:116 -                Rank 1 : false
2026-04-18 02:07:15,517 [INFO] ADCParametersView:116 -                Rank 1 : false
2026-04-18 02:07:15,519 [INFO] ADCParametersView:116 -                Rank 1 : false
2026-04-18 02:07:15,520 [INFO] ADCParametersView:116 -                Rank 1 : false
2026-04-18 02:07:15,520 [INFO] ADCParametersView:116 -                Rank 1 : false
2026-04-18 02:07:15,521 [INFO] ADCParametersView:116 -                Rank 1 : false
2026-04-18 02:07:15,521 [INFO] ADCParametersView:116 -                Rank 1 : false
2026-04-18 02:07:15,522 [INFO] ADCParametersView:116 -                Rank 1 : false
2026-04-18 02:07:15,522 [INFO] ADCParametersView:116 -                Rank 1 : false
2026-04-18 02:07:15,523 [INFO] ADCParametersView:116 -                Rank 1 : false
2026-04-18 02:07:15,523 [INFO] ADCParametersView:116 -                Rank 1 : false
2026-04-18 02:07:15,524 [INFO] ADCParametersView:116 -                Rank 1 : false
2026-04-18 02:07:15,524 [INFO] ADCParametersView:116 -                Rank 1 : false
2026-04-18 02:07:15,525 [INFO] ADCParametersView:116 -                Rank 1 : false
2026-04-18 02:07:15,525 [INFO] ADCParametersView:116 -                Rank 1 : false
2026-04-18 02:07:15,536 [INFO] ADCParametersView:116 -                Rank 1 : false
2026-04-18 02:07:15,646 [INFO] NvicIntPanel:101 - NVIC parent = com.st.microxplorer.plugins.ip.nvic.MultiNvicIntPanel[,0,0,0x0,invalid,layout=javax.swing.BoxLayout,alignmentX=0.0,alignmentY=0.0,border=,flags=9,maximumSize=,minimumSize=,preferredSize=]
2026-04-18 02:07:15,763 [INFO] NvicIntPanel:101 - NVIC parent = com.st.microxplorer.plugins.ip.nvic.MultiNvicIntPanel[,0,0,0x0,invalid,layout=javax.swing.BoxLayout,alignmentX=0.0,alignmentY=0.0,border=,flags=9,maximumSize=,minimumSize=,preferredSize=]
2026-04-18 02:07:16,026 [INFO] ADCParametersView:116 -                Rank 1 : false
2026-04-18 02:07:16,030 [INFO] ADCParametersView:116 -                Rank 1 : false
2026-04-18 02:07:16,030 [INFO] ADCParametersView:116 -                Rank 1 : false
2026-04-18 02:07:16,031 [INFO] ADCParametersView:116 -                Rank 1 : false
2026-04-18 02:07:16,031 [INFO] ADCParametersView:116 -                Rank 1 : false
2026-04-18 02:07:16,032 [INFO] ADCParametersView:116 -                Rank 1 : false
2026-04-18 02:07:16,033 [INFO] ADCParametersView:116 -                Rank 1 : false
2026-04-18 02:07:16,033 [INFO] ADCParametersView:116 -                Rank 1 : false
2026-04-18 02:07:16,034 [INFO] ADCParametersView:116 -                Rank 1 : false
2026-04-18 02:07:16,034 [INFO] ADCParametersView:116 -                Rank 1 : false
2026-04-18 02:07:16,034 [INFO] ADCParametersView:116 -                Rank 1 : false
2026-04-18 02:07:16,035 [INFO] ADCParametersView:116 -                Rank 1 : false
2026-04-18 02:07:16,035 [INFO] ADCParametersView:116 -                Rank 1 : false
2026-04-18 02:07:16,035 [INFO] ADCParametersView:116 -                Rank 1 : false
2026-04-18 02:07:16,071 [INFO] ADCParametersView:116 -                Rank 1 : false
2026-04-18 02:07:16,115 [INFO] ADCParametersView:116 -                Rank 1 : false
2026-04-18 02:07:16,117 [INFO] ADCParametersView:116 -                Rank 1 : false
2026-04-18 02:07:16,117 [INFO] ADCParametersView:116 -                Rank 1 : false
2026-04-18 02:07:16,118 [INFO] ADCParametersView:116 -                Rank 1 : false
2026-04-18 02:07:16,118 [INFO] ADCParametersView:116 -                Rank 1 : false
2026-04-18 02:07:16,118 [INFO] ADCParametersView:116 -                Rank 1 : false
2026-04-18 02:07:16,119 [INFO] ADCParametersView:116 -                Rank 1 : false
2026-04-18 02:07:16,119 [INFO] ADCParametersView:116 -                Rank 1 : false
2026-04-18 02:07:16,119 [INFO] ADCParametersView:116 -                Rank 1 : false
2026-04-18 02:07:16,119 [INFO] ADCParametersView:116 -                Rank 1 : false
2026-04-18 02:07:16,119 [INFO] ADCParametersView:116 -                Rank 1 : false
2026-04-18 02:07:16,119 [INFO] ADCParametersView:116 -                Rank 1 : false
2026-04-18 02:07:16,119 [INFO] ADCParametersView:116 -                Rank 1 : false
2026-04-18 02:07:16,120 [INFO] ADCParametersView:116 -                Rank 1 : false
2026-04-18 02:07:16,146 [INFO] ADCParametersView:116 -                Rank 1 : false
2026-04-18 02:07:30,352 [INFO] ADCParametersView:116 -                Rank 1 : false
2026-04-18 02:07:30,357 [INFO] ADCParametersView:116 -                Rank 1 : false
2026-04-18 02:07:30,357 [INFO] ADCParametersView:116 -                Rank 1 : false
2026-04-18 02:07:30,357 [INFO] ADCParametersView:116 -                Rank 1 : false
2026-04-18 02:07:30,358 [INFO] ADCParametersView:116 -                Rank 1 : false
2026-04-18 02:07:30,358 [INFO] ADCParametersView:116 -                Rank 1 : false
2026-04-18 02:07:30,358 [INFO] ADCParametersView:116 -                Rank 1 : false
2026-04-18 02:07:30,358 [INFO] ADCParametersView:116 -                Rank 1 : false
2026-04-18 02:07:30,358 [INFO] ADCParametersView:116 -                Rank 1 : false
2026-04-18 02:07:30,358 [INFO] ADCParametersView:116 -                Rank 1 : false
2026-04-18 02:07:30,359 [INFO] ADCParametersView:116 -                Rank 1 : false
2026-04-18 02:07:30,359 [INFO] ADCParametersView:116 -                Rank 1 : false
2026-04-18 02:07:30,359 [INFO] ADCParametersView:116 -                Rank 1 : false
2026-04-18 02:07:30,359 [INFO] ADCParametersView:116 -                Rank 1 : false
2026-04-18 02:07:30,368 [INFO] ADCParametersView:116 -                Rank 1 : false
2026-04-18 02:07:30,390 [INFO] ADCParametersView:116 -                Rank 1 : false
2026-04-18 02:07:30,391 [INFO] ADCParametersView:116 -                Rank 1 : false
2026-04-18 02:07:30,391 [INFO] ADCParametersView:116 -                Rank 1 : false
2026-04-18 02:07:30,392 [INFO] ADCParametersView:116 -                Rank 1 : false
2026-04-18 02:07:30,392 [INFO] ADCParametersView:116 -                Rank 1 : false
2026-04-18 02:07:30,392 [INFO] ADCParametersView:116 -                Rank 1 : false
2026-04-18 02:07:30,392 [INFO] ADCParametersView:116 -                Rank 1 : false
2026-04-18 02:07:30,392 [INFO] ADCParametersView:116 -                Rank 1 : false
2026-04-18 02:07:30,392 [INFO] ADCParametersView:116 -                Rank 1 : false
2026-04-18 02:07:30,393 [INFO] ADCParametersView:116 -                Rank 1 : false
2026-04-18 02:07:30,393 [INFO] ADCParametersView:116 -                Rank 1 : false
2026-04-18 02:07:30,393 [INFO] ADCParametersView:116 -                Rank 1 : false
2026-04-18 02:07:30,393 [INFO] ADCParametersView:116 -                Rank 1 : false
2026-04-18 02:07:30,393 [INFO] ADCParametersView:116 -                Rank 1 : false
2026-04-18 02:07:30,403 [INFO] ADCParametersView:116 -                Rank 1 : false
2026-04-18 02:07:30,456 [INFO] ADCParametersView:116 -                Rank 1 : false
2026-04-18 02:07:30,458 [INFO] ADCParametersView:116 -                Rank 1 : false
2026-04-18 02:07:30,458 [INFO] ADCParametersView:116 -                Rank 1 : false
2026-04-18 02:07:30,459 [INFO] ADCParametersView:116 -                Rank 1 : false
2026-04-18 02:07:30,459 [INFO] ADCParametersView:116 -                Rank 1 : false
2026-04-18 02:07:30,460 [INFO] ADCParametersView:116 -                Rank 1 : false
2026-04-18 02:07:30,460 [INFO] ADCParametersView:116 -                Rank 1 : false
2026-04-18 02:07:30,460 [INFO] ADCParametersView:116 -                Rank 1 : false
2026-04-18 02:07:30,461 [INFO] ADCParametersView:116 -                Rank 1 : false
2026-04-18 02:07:30,461 [INFO] ADCParametersView:116 -                Rank 1 : false
2026-04-18 02:07:30,462 [INFO] ADCParametersView:116 -                Rank 1 : false
2026-04-18 02:07:30,462 [INFO] ADCParametersView:116 -                Rank 1 : false
2026-04-18 02:07:30,462 [INFO] ADCParametersView:116 -                Rank 1 : false
2026-04-18 02:07:30,463 [INFO] ADCParametersView:116 -                Rank 1 : false
2026-04-18 02:07:30,486 [INFO] ADCParametersView:116 -                Rank 1 : false
2026-04-18 02:07:31,656 [INFO] NvicIntPanel:101 - NVIC parent = com.st.microxplorer.plugins.ip.nvic.MultiNvicIntPanel[,0,0,0x0,invalid,layout=javax.swing.BoxLayout,alignmentX=0.0,alignmentY=0.0,border=,flags=9,maximumSize=,minimumSize=,preferredSize=]
2026-04-18 02:07:31,697 [INFO] ADCParametersView:116 -                Rank 1 : false
2026-04-18 02:07:31,699 [INFO] ADCParametersView:116 -                Rank 1 : false
2026-04-18 02:07:31,699 [INFO] ADCParametersView:116 -                Rank 1 : false
2026-04-18 02:07:31,700 [INFO] ADCParametersView:116 -                Rank 1 : false
2026-04-18 02:07:31,700 [INFO] ADCParametersView:116 -                Rank 1 : false
2026-04-18 02:07:31,700 [INFO] ADCParametersView:116 -                Rank 1 : false
2026-04-18 02:07:31,700 [INFO] ADCParametersView:116 -                Rank 1 : false
2026-04-18 02:07:31,700 [INFO] ADCParametersView:116 -                Rank 1 : false
2026-04-18 02:07:31,700 [INFO] ADCParametersView:116 -                Rank 1 : false
2026-04-18 02:07:31,701 [INFO] ADCParametersView:116 -                Rank 1 : false
2026-04-18 02:07:31,701 [INFO] ADCParametersView:116 -                Rank 1 : false
2026-04-18 02:07:31,701 [INFO] ADCParametersView:116 -                Rank 1 : false
2026-04-18 02:07:31,701 [INFO] ADCParametersView:116 -                Rank 1 : false
2026-04-18 02:07:31,701 [INFO] ADCParametersView:116 -                Rank 1 : false
2026-04-18 02:07:31,722 [INFO] ADCParametersView:116 -                Rank 1 : false
2026-04-18 02:07:40,659 [INFO] SpinnerEditorADC:65 - is string kkkk
2026-04-18 02:07:43,364 [INFO] NvicIntPanel:101 - NVIC parent = com.st.microxplorer.plugins.ip.nvic.MultiNvicIntPanel[,0,0,0x0,invalid,layout=javax.swing.BoxLayout,alignmentX=0.0,alignmentY=0.0,border=,flags=9,maximumSize=,minimumSize=,preferredSize=]
2026-04-18 02:07:43,409 [INFO] ADCParametersView:116 -                Rank 1 : false
2026-04-18 02:07:43,412 [INFO] ADCParametersView:116 -                Rank 1 : false
2026-04-18 02:07:43,413 [INFO] ADCParametersView:116 -                Rank 1 : false
2026-04-18 02:07:43,413 [INFO] ADCParametersView:116 -                Rank 1 : false
2026-04-18 02:07:43,413 [INFO] ADCParametersView:116 -                Rank 1 : false
2026-04-18 02:07:43,413 [INFO] ADCParametersView:116 -                Rank 1 : false
2026-04-18 02:07:43,414 [INFO] ADCParametersView:116 -                Rank 1 : false
2026-04-18 02:07:43,414 [INFO] ADCParametersView:116 -                Rank 1 : false
2026-04-18 02:07:43,414 [INFO] ADCParametersView:116 -                Rank 1 : false
2026-04-18 02:07:43,414 [INFO] ADCParametersView:116 -                Rank 1 : false
2026-04-18 02:07:43,414 [INFO] ADCParametersView:116 -                Rank 1 : false
2026-04-18 02:07:43,415 [INFO] ADCParametersView:116 -                Rank 1 : false
2026-04-18 02:07:43,415 [INFO] ADCParametersView:116 -                Rank 1 : false
2026-04-18 02:07:43,415 [INFO] ADCParametersView:116 -                Rank 1 : false
2026-04-18 02:07:43,435 [INFO] ADCParametersView:116 -                Rank 1 : false
2026-04-18 02:07:48,143 [INFO] ADCParametersView:116 -                Rank 1 : false
2026-04-18 02:07:54,032 [INFO] ADCParametersView:116 -                Rank 1 : false
2026-04-18 02:07:55,915 [INFO] ADCParametersView:116 -                Rank 1 : true
2026-04-18 02:08:20,624 [INFO] NvicIntPanel:101 - NVIC parent = com.st.microxplorer.plugins.ip.nvic.MultiNvicIntPanel[,0,0,0x0,invalid,layout=javax.swing.BoxLayout,alignmentX=0.0,alignmentY=0.0,border=,flags=9,maximumSize=,minimumSize=,preferredSize=]
2026-04-18 02:08:22,377 [INFO] NvicIntPanel:101 - NVIC parent = com.st.microxplorer.plugins.ip.nvic.MultiNvicIntPanel[,0,0,0x0,invalid,layout=javax.swing.BoxLayout,alignmentX=0.0,alignmentY=0.0,border=,flags=9,maximumSize=,minimumSize=,preferredSize=]
2026-04-18 02:08:25,639 [INFO] NvicIntPanel:101 - NVIC parent = com.st.microxplorer.plugins.ip.nvic.MultiNvicIntPanel[,0,0,0x0,invalid,layout=javax.swing.BoxLayout,alignmentX=0.0,alignmentY=0.0,border=,flags=9,maximumSize=,minimumSize=,preferredSize=]
2026-04-18 02:08:27,523 [INFO] ADCParametersView:116 -                Rank 1 : true
2026-04-18 02:08:27,526 [INFO] ADCParametersView:116 -                Rank 1 : true
2026-04-18 02:08:27,526 [INFO] ADCParametersView:116 -                Rank 1 : true
2026-04-18 02:08:27,527 [INFO] ADCParametersView:116 -                Rank 1 : true
2026-04-18 02:08:27,527 [INFO] ADCParametersView:116 -                Rank 1 : true
2026-04-18 02:08:27,527 [INFO] ADCParametersView:116 -                Rank 1 : true
2026-04-18 02:08:27,527 [INFO] ADCParametersView:116 -                Rank 1 : true
2026-04-18 02:08:27,528 [INFO] ADCParametersView:116 -                Rank 1 : true
2026-04-18 02:08:27,528 [INFO] ADCParametersView:116 -                Rank 1 : true
2026-04-18 02:08:27,528 [INFO] ADCParametersView:116 -                Rank 1 : true
2026-04-18 02:08:27,528 [INFO] ADCParametersView:116 -                Rank 1 : true
2026-04-18 02:08:27,528 [INFO] ADCParametersView:116 -                Rank 1 : true
2026-04-18 02:08:27,528 [INFO] ADCParametersView:116 -                Rank 1 : true
2026-04-18 02:08:27,528 [INFO] ADCParametersView:116 -                Rank 1 : true
2026-04-18 02:08:27,552 [INFO] ADCParametersView:116 -                Rank 1 : true
2026-04-18 02:08:27,554 [INFO] ADCParametersView:116 -                Rank 1 : true
2026-04-18 02:08:27,555 [INFO] ADCParametersView:116 -                Rank 1 : true
2026-04-18 02:08:27,556 [INFO] ADCParametersView:116 -                Rank 1 : true
2026-04-18 02:08:27,556 [INFO] ADCParametersView:116 -                Rank 1 : true
2026-04-18 02:08:27,557 [INFO] ADCParametersView:116 -                Rank 1 : true
2026-04-18 02:08:27,557 [INFO] ADCParametersView:116 -                Rank 1 : true
2026-04-18 02:08:27,558 [INFO] ADCParametersView:116 -                Rank 1 : true
2026-04-18 02:08:27,558 [INFO] ADCParametersView:116 -                Rank 1 : true
2026-04-18 02:08:27,558 [INFO] ADCParametersView:116 -                Rank 1 : true
2026-04-18 02:08:27,558 [INFO] ADCParametersView:116 -                Rank 1 : true
2026-04-18 02:08:27,559 [INFO] ADCParametersView:116 -                Rank 1 : true
2026-04-18 02:08:27,559 [INFO] ADCParametersView:116 -                Rank 1 : true
2026-04-18 02:08:27,559 [INFO] ADCParametersView:116 -                Rank 1 : true
2026-04-18 02:08:27,559 [INFO] ADCParametersView:116 -                Rank 1 : true
2026-04-18 02:08:27,584 [INFO] ADCParametersView:116 -                Rank 1 : true
2026-04-18 02:08:27,586 [INFO] ADCParametersView:116 -                Rank 1 : true
2026-04-18 02:08:27,587 [INFO] ADCParametersView:116 -                Rank 1 : true
2026-04-18 02:08:27,588 [INFO] ADCParametersView:116 -                Rank 1 : true
2026-04-18 02:08:27,588 [INFO] ADCParametersView:116 -                Rank 1 : true
2026-04-18 02:08:27,588 [INFO] ADCParametersView:116 -                Rank 1 : true
2026-04-18 02:08:27,589 [INFO] ADCParametersView:116 -                Rank 1 : true
2026-04-18 02:08:27,590 [INFO] ADCParametersView:116 -                Rank 1 : true
2026-04-18 02:08:27,590 [INFO] ADCParametersView:116 -                Rank 1 : true
2026-04-18 02:08:27,590 [INFO] ADCParametersView:116 -                Rank 1 : true
2026-04-18 02:08:27,591 [INFO] ADCParametersView:116 -                Rank 1 : true
2026-04-18 02:08:27,591 [INFO] ADCParametersView:116 -                Rank 1 : true
2026-04-18 02:08:27,592 [INFO] ADCParametersView:116 -                Rank 1 : true
2026-04-18 02:08:27,592 [INFO] ADCParametersView:116 -                Rank 1 : true
2026-04-18 02:08:27,592 [INFO] ADCParametersView:116 -                Rank 1 : true
2026-04-18 02:08:27,618 [INFO] ADCParametersView:116 -                Rank 1 : true
2026-04-18 02:08:27,620 [INFO] ADCParametersView:116 -                Rank 1 : true
2026-04-18 02:08:27,621 [INFO] ADCParametersView:116 -                Rank 1 : true
2026-04-18 02:08:27,621 [INFO] ADCParametersView:116 -                Rank 1 : true
2026-04-18 02:08:27,622 [INFO] ADCParametersView:116 -                Rank 1 : true
2026-04-18 02:08:27,622 [INFO] ADCParametersView:116 -                Rank 1 : true
2026-04-18 02:08:27,623 [INFO] ADCParametersView:116 -                Rank 1 : true
2026-04-18 02:08:27,623 [INFO] ADCParametersView:116 -                Rank 1 : true
2026-04-18 02:08:27,624 [INFO] ADCParametersView:116 -                Rank 1 : true
2026-04-18 02:08:27,624 [INFO] ADCParametersView:116 -                Rank 1 : true
2026-04-18 02:08:27,625 [INFO] ADCParametersView:116 -                Rank 1 : true
2026-04-18 02:08:27,625 [INFO] ADCParametersView:116 -                Rank 1 : true
2026-04-18 02:08:27,626 [INFO] ADCParametersView:116 -                Rank 1 : true
2026-04-18 02:08:27,626 [INFO] ADCParametersView:116 -                Rank 1 : true
2026-04-18 02:08:27,626 [INFO] ADCParametersView:116 -                Rank 1 : true
2026-04-18 02:08:27,651 [INFO] ADCParametersView:116 -                Rank 1 : true
2026-04-18 02:08:27,653 [INFO] ADCParametersView:116 -                Rank 1 : true
2026-04-18 02:08:27,654 [INFO] ADCParametersView:116 -                Rank 1 : true
2026-04-18 02:08:27,655 [INFO] ADCParametersView:116 -                Rank 1 : true
2026-04-18 02:08:27,655 [INFO] ADCParametersView:116 -                Rank 1 : true
2026-04-18 02:08:27,656 [INFO] ADCParametersView:116 -                Rank 1 : true
2026-04-18 02:08:27,656 [INFO] ADCParametersView:116 -                Rank 1 : true
2026-04-18 02:08:27,656 [INFO] ADCParametersView:116 -                Rank 1 : true
2026-04-18 02:08:27,657 [INFO] ADCParametersView:116 -                Rank 1 : true
2026-04-18 02:08:27,657 [INFO] ADCParametersView:116 -                Rank 1 : true
2026-04-18 02:08:27,658 [INFO] ADCParametersView:116 -                Rank 1 : true
2026-04-18 02:08:27,658 [INFO] ADCParametersView:116 -                Rank 1 : true
2026-04-18 02:08:27,659 [INFO] ADCParametersView:116 -                Rank 1 : true
2026-04-18 02:08:27,659 [INFO] ADCParametersView:116 -                Rank 1 : true
2026-04-18 02:08:27,659 [INFO] ADCParametersView:116 -                Rank 1 : true
2026-04-18 02:08:27,682 [INFO] ADCParametersView:116 -                Rank 1 : true
2026-04-18 02:08:27,684 [INFO] ADCParametersView:116 -                Rank 1 : true
2026-04-18 02:08:27,685 [INFO] ADCParametersView:116 -                Rank 1 : true
2026-04-18 02:08:27,685 [INFO] ADCParametersView:116 -                Rank 1 : true
2026-04-18 02:08:27,686 [INFO] ADCParametersView:116 -                Rank 1 : true
2026-04-18 02:08:27,686 [INFO] ADCParametersView:116 -                Rank 1 : true
2026-04-18 02:08:27,687 [INFO] ADCParametersView:116 -                Rank 1 : true
2026-04-18 02:08:27,687 [INFO] ADCParametersView:116 -                Rank 1 : true
2026-04-18 02:08:27,688 [INFO] ADCParametersView:116 -                Rank 1 : true
2026-04-18 02:08:27,688 [INFO] ADCParametersView:116 -                Rank 1 : true
2026-04-18 02:08:27,689 [INFO] ADCParametersView:116 -                Rank 1 : true
2026-04-18 02:08:27,689 [INFO] ADCParametersView:116 -                Rank 1 : true
2026-04-18 02:08:27,690 [INFO] ADCParametersView:116 -                Rank 1 : true
2026-04-18 02:08:27,690 [INFO] ADCParametersView:116 -                Rank 1 : true
2026-04-18 02:08:27,690 [INFO] ADCParametersView:116 -                Rank 1 : true
2026-04-18 02:08:27,710 [INFO] ADCParametersView:116 -                Rank 1 : true
2026-04-18 02:08:27,712 [INFO] ADCParametersView:116 -                Rank 1 : true
2026-04-18 02:08:27,713 [INFO] ADCParametersView:116 -                Rank 1 : true
2026-04-18 02:08:27,714 [INFO] ADCParametersView:116 -                Rank 1 : true
2026-04-18 02:08:27,714 [INFO] ADCParametersView:116 -                Rank 1 : true
2026-04-18 02:08:27,715 [INFO] ADCParametersView:116 -                Rank 1 : true
2026-04-18 02:08:27,715 [INFO] ADCParametersView:116 -                Rank 1 : true
2026-04-18 02:08:27,715 [INFO] ADCParametersView:116 -                Rank 1 : true
2026-04-18 02:08:27,716 [INFO] ADCParametersView:116 -                Rank 1 : true
2026-04-18 02:08:27,716 [INFO] ADCParametersView:116 -                Rank 1 : true
2026-04-18 02:08:27,717 [INFO] ADCParametersView:116 -                Rank 1 : true
2026-04-18 02:08:27,717 [INFO] ADCParametersView:116 -                Rank 1 : true
2026-04-18 02:08:27,718 [INFO] ADCParametersView:116 -                Rank 1 : true
2026-04-18 02:08:27,718 [INFO] ADCParametersView:116 -                Rank 1 : true
2026-04-18 02:08:27,718 [INFO] ADCParametersView:116 -                Rank 1 : true
2026-04-18 02:08:27,741 [INFO] ADCParametersView:116 -                Rank 1 : true
2026-04-18 02:08:32,004 [INFO] NvicIntPanel:101 - NVIC parent = com.st.microxplorer.plugins.ip.nvic.MultiNvicIntPanel[,0,0,0x0,invalid,layout=javax.swing.BoxLayout,alignmentX=0.0,alignmentY=0.0,border=,flags=9,maximumSize=,minimumSize=,preferredSize=]
2026-04-18 02:08:32,056 [INFO] ADCParametersView:116 -                Rank 1 : true
2026-04-18 02:08:32,057 [INFO] ADCParametersView:116 -                Rank 1 : true
2026-04-18 02:08:32,058 [INFO] ADCParametersView:116 -                Rank 1 : true
2026-04-18 02:08:32,058 [INFO] ADCParametersView:116 -                Rank 1 : true
2026-04-18 02:08:32,058 [INFO] ADCParametersView:116 -                Rank 1 : true
2026-04-18 02:08:32,059 [INFO] ADCParametersView:116 -                Rank 1 : true
2026-04-18 02:08:32,059 [INFO] ADCParametersView:116 -                Rank 1 : true
2026-04-18 02:08:32,059 [INFO] ADCParametersView:116 -                Rank 1 : true
2026-04-18 02:08:32,059 [INFO] ADCParametersView:116 -                Rank 1 : true
2026-04-18 02:08:32,059 [INFO] ADCParametersView:116 -                Rank 1 : true
2026-04-18 02:08:32,060 [INFO] ADCParametersView:116 -                Rank 1 : true
2026-04-18 02:08:32,060 [INFO] ADCParametersView:116 -                Rank 1 : true
2026-04-18 02:08:32,060 [INFO] ADCParametersView:116 -                Rank 1 : true
2026-04-18 02:08:32,060 [INFO] ADCParametersView:116 -                Rank 1 : true
2026-04-18 02:08:32,090 [INFO] ADCParametersView:116 -                Rank 1 : true
2026-04-18 02:08:37,406 [INFO] UtilMem:75 - End SaveConfig() Used Memory: 696336448 Bytes (1073741824)
2026-04-18 02:08:39,414 [INFO] UtilMem:75 - End SaveConfig() Used Memory: 715000832 Bytes (1073741824)
2026-04-18 02:08:40,042 [INFO] UtilMem:75 - End SaveConfig() Used Memory: 761350208 Bytes (1073741824)
2026-04-18 02:08:40,661 [INFO] BlockDiagram:2775 - set Specific Code input for plugin: NVIC
2026-04-18 02:08:40,661 [INFO] BlockDiagram:2775 - set Specific Code input for plugin: DMA
2026-04-18 02:08:40,662 [INFO] BlockDiagram:2775 - set Specific Code input for plugin: TIM1_8
2026-04-18 02:08:40,662 [INFO] BlockDiagram:2775 - set Specific Code input for plugin: TIM1_8
2026-04-18 02:08:40,662 [INFO] BlockDiagram:2775 - set Specific Code input for plugin: SYS
2026-04-18 02:08:40,662 [INFO] BlockDiagram:2775 - set Specific Code input for plugin: GPIO
2026-04-18 02:08:40,662 [INFO] BlockDiagram:2775 - set Specific Code input for plugin: ADC
2026-04-18 02:08:40,663 [INFO] BlockDiagram:2775 - set Specific Code input for plugin: RCC
2026-04-18 02:08:40,664 [INFO] CodeGenerator:892 - code generatio: config db path: /home/anbu/st/stm32cubeide_1.19.0/plugins/com.st.stm32cube.common.mx_6.15.0.202507011659//db/
2026-04-18 02:08:40,669 [INFO] Argument:325 - Argument : hdmavalue: null
2026-04-18 02:08:40,669 [INFO] Argument:327 - 	 sub Args: 
2026-04-18 02:08:40,669 [INFO] Argument:325 - Argument : Instancevalue: DMA2_Stream0
2026-04-18 02:08:40,669 [INFO] Argument:335 - Argument : Instancevalue: DMA2_Stream0
2026-04-18 02:08:40,669 [INFO] Argument:325 - Argument : Initvalue: null
2026-04-18 02:08:40,669 [INFO] Argument:327 - 	 sub Args: 
2026-04-18 02:08:40,669 [INFO] Argument:325 - Argument : Channelvalue: DMA_CHANNEL_0
2026-04-18 02:08:40,669 [INFO] Argument:335 - Argument : Channelvalue: DMA_CHANNEL_0
2026-04-18 02:08:40,670 [INFO] Argument:325 - Argument : Directionvalue: DMA_PERIPH_TO_MEMORY
2026-04-18 02:08:40,670 [INFO] Argument:335 - Argument : Directionvalue: DMA_PERIPH_TO_MEMORY
2026-04-18 02:08:40,670 [INFO] Argument:325 - Argument : PeriphIncvalue: DMA_PINC_DISABLE
2026-04-18 02:08:40,670 [INFO] Argument:335 - Argument : PeriphIncvalue: DMA_PINC_DISABLE
2026-04-18 02:08:40,670 [INFO] Argument:325 - Argument : MemIncvalue: DMA_MINC_ENABLE
2026-04-18 02:08:40,670 [INFO] Argument:335 - Argument : MemIncvalue: DMA_MINC_ENABLE
2026-04-18 02:08:40,670 [INFO] Argument:325 - Argument : PeriphDataAlignmentvalue: DMA_PDATAALIGN_WORD
2026-04-18 02:08:40,670 [INFO] Argument:335 - Argument : PeriphDataAlignmentvalue: DMA_PDATAALIGN_WORD
2026-04-18 02:08:40,670 [INFO] Argument:325 - Argument : MemDataAlignmentvalue: DMA_MDATAALIGN_WORD
2026-04-18 02:08:40,670 [INFO] Argument:335 - Argument : MemDataAlignmentvalue: DMA_MDATAALIGN_WORD
2026-04-18 02:08:40,670 [INFO] Argument:325 - Argument : Modevalue: DMA_CIRCULAR
2026-04-18 02:08:40,670 [INFO] Argument:335 - Argument : Modevalue: DMA_CIRCULAR
2026-04-18 02:08:40,670 [INFO] Argument:325 - Argument : Priorityvalue: DMA_PRIORITY_LOW
2026-04-18 02:08:40,671 [INFO] Argument:335 - Argument : Priorityvalue: DMA_PRIORITY_LOW
2026-04-18 02:08:40,671 [INFO] Argument:325 - Argument : FIFOModevalue: DMA_FIFOMODE_DISABLE
2026-04-18 02:08:40,671 [INFO] Argument:335 - Argument : FIFOModevalue: DMA_FIFOMODE_DISABLE
2026-04-18 02:08:40,671 [INFO] Argument:325 - Argument : FIFOThresholdvalue: null
2026-04-18 02:08:40,671 [INFO] Argument:335 - Argument : FIFOThresholdvalue: null
2026-04-18 02:08:40,671 [INFO] Argument:325 - Argument : MemBurstvalue: null
2026-04-18 02:08:40,671 [INFO] Argument:335 - Argument : MemBurstvalue: null
2026-04-18 02:08:40,671 [INFO] Argument:325 - Argument : PeriphBurstvalue: null
2026-04-18 02:08:40,671 [INFO] Argument:335 - Argument : PeriphBurstvalue: null
2026-04-18 02:08:40,671 [INFO] Argument:325 - Argument : Lockvalue: null
2026-04-18 02:08:40,672 [INFO] Argument:335 - Argument : Lockvalue: null
2026-04-18 02:08:40,672 [INFO] Argument:325 - Argument : Statevalue: null
2026-04-18 02:08:40,672 [INFO] Argument:335 - Argument : Statevalue: null
2026-04-18 02:08:40,672 [INFO] Argument:325 - Argument : Parentvalue: null
2026-04-18 02:08:40,672 [INFO] Argument:335 - Argument : Parentvalue: null
2026-04-18 02:08:40,672 [INFO] Argument:325 - Argument : XferCpltCallbackvalue: null
2026-04-18 02:08:40,672 [INFO] Argument:335 - Argument : XferCpltCallbackvalue: null
2026-04-18 02:08:40,672 [INFO] Argument:325 - Argument : XferHalfCpltCallbackvalue: null
2026-04-18 02:08:40,672 [INFO] Argument:335 - Argument : XferHalfCpltCallbackvalue: null
2026-04-18 02:08:40,673 [INFO] Argument:325 - Argument : XferM1CpltCallbackvalue: null
2026-04-18 02:08:40,673 [INFO] Argument:335 - Argument : XferM1CpltCallbackvalue: null
2026-04-18 02:08:40,673 [INFO] Argument:325 - Argument : XferErrorCallbackvalue: null
2026-04-18 02:08:40,673 [INFO] Argument:335 - Argument : XferErrorCallbackvalue: null
2026-04-18 02:08:40,673 [INFO] Argument:325 - Argument : ErrorCodevalue: null
2026-04-18 02:08:40,673 [INFO] Argument:335 - Argument : ErrorCodevalue: null
2026-04-18 02:08:40,781 [INFO] CodeEngine:265 - oldGeneratedFile, /mnt/windows_z/Z/projects/robarm/sourcecode/modified_servo_test/MXTmpFiles/license.tmp_save
2026-04-18 02:08:41,316 [INFO] CodeEngine:289 - Generated code: /mnt/windows_z/Z/projects/robarm/sourcecode/modified_servo_test/MXTmpFiles/license.tmp
2026-04-18 02:08:41,392 [INFO] CodeEngine:265 - oldGeneratedFile, /mnt/windows_z/Z/projects/robarm/sourcecode/modified_servo_test/MXTmpFiles/gpio.tmp_save
2026-04-18 02:08:41,666 [INFO] CodeEngine:289 - Generated code: /mnt/windows_z/Z/projects/robarm/sourcecode/modified_servo_test/MXTmpFiles/gpio.tmp
2026-04-18 02:08:41,916 [INFO] CodeEngine:265 - oldGeneratedFile, /mnt/windows_z/Z/projects/robarm/sourcecode/modified_servo_test/MXTmpFiles/dma.tmp_save
2026-04-18 02:08:42,084 [INFO] CodeEngine:289 - Generated code: /mnt/windows_z/Z/projects/robarm/sourcecode/modified_servo_test/MXTmpFiles/dma.tmp
2026-04-18 02:08:42,103 [INFO] CodeEngine:265 - oldGeneratedFile, /mnt/windows_z/Z/projects/robarm/sourcecode/modified_servo_test/MXTmpFiles/dma_GV.tmp_save
2026-04-18 02:08:42,251 [INFO] CodeEngine:289 - Generated code: /mnt/windows_z/Z/projects/robarm/sourcecode/modified_servo_test/MXTmpFiles/dma_GV.tmp
2026-04-18 02:08:42,281 [INFO] CodeEngine:265 - oldGeneratedFile, /mnt/windows_z/Z/projects/robarm/sourcecode/modified_servo_test/Core/Src/stm32f4xx_it.c_save
2026-04-18 02:08:42,460 [INFO] CodeEngine:289 - Generated code: /mnt/windows_z/Z/projects/robarm/sourcecode/modified_servo_test/Core/Src/stm32f4xx_it.c
2026-04-18 02:08:42,476 [INFO] CodeEngine:265 - oldGeneratedFile, /mnt/windows_z/Z/projects/robarm/sourcecode/modified_servo_test/Core/Inc/stm32f4xx_it.h_save
2026-04-18 02:08:42,637 [INFO] CodeEngine:289 - Generated code: /mnt/windows_z/Z/projects/robarm/sourcecode/modified_servo_test/Core/Inc/stm32f4xx_it.h
2026-04-18 02:08:42,670 [INFO] CodeEngine:265 - oldGeneratedFile, /mnt/windows_z/Z/projects/robarm/sourcecode/modified_servo_test/Core/Src/stm32f4xx_hal_msp.c_save
2026-04-18 02:08:42,948 [INFO] CodeEngine:289 - Generated code: /mnt/windows_z/Z/projects/robarm/sourcecode/modified_servo_test/Core/Src/stm32f4xx_hal_msp.c
2026-04-18 02:08:42,960 [INFO] CodeEngine:265 - oldGeneratedFile, /mnt/windows_z/Z/projects/robarm/sourcecode/modified_servo_test/MXTmpFiles/system.tmp_save
2026-04-18 02:08:43,100 [INFO] CodeEngine:289 - Generated code: /mnt/windows_z/Z/projects/robarm/sourcecode/modified_servo_test/MXTmpFiles/system.tmp
2026-04-18 02:08:43,130 [INFO] CodeEngine:321 - oldGeneratedFile, /mnt/windows_z/Z/projects/robarm/sourcecode/modified_servo_test/Core/Inc/stm32f4xx_hal_conf.h_save
2026-04-18 02:08:43,301 [INFO] CodeEngine:345 - Generated code: /mnt/windows_z/Z/projects/robarm/sourcecode/modified_servo_test/Core/Inc/stm32f4xx_hal_conf.h
2026-04-18 02:08:43,338 [WARN] IPConfigManager:3811 - IP not found : TIM
2026-04-18 02:08:43,339 [WARN] CodeGenerator:4259 - IP not found : null
2026-04-18 02:08:43,355 [INFO] CodeEngine:265 - oldGeneratedFile, /mnt/windows_z/Z/projects/robarm/sourcecode/modified_servo_test/Core/Inc/main.h_save
2026-04-18 02:08:43,521 [INFO] CodeEngine:289 - Generated code: /mnt/windows_z/Z/projects/robarm/sourcecode/modified_servo_test/Core/Inc/main.h
2026-04-18 02:08:43,541 [INFO] CodeEngine:265 - oldGeneratedFile, /mnt/windows_z/Z/projects/robarm/sourcecode/modified_servo_test/Core/Src/main.c_save
2026-04-18 02:08:43,814 [INFO] CodeEngine:289 - Generated code: /mnt/windows_z/Z/projects/robarm/sourcecode/modified_servo_test/Core/Src/main.c
2026-04-18 02:08:44,566 [INFO] ProjectBuilder:3606 - Time for Copy HAL[1] : 447mS.
2026-04-18 02:08:44,572 [INFO] ProjectBuilder:5216 - Project Generator version: 4.7.0-B52
2026-04-18 02:08:44,706 [INFO] ConfigFileManager:1595 - The Die is : DIE431
2026-04-18 02:08:46,140 [INFO] ProjectBuilder:5496 - Time for Generating toolchain IDE Files: 1568mS.
2026-04-18 02:08:46,142 [INFO] ProjectBuilder:3463 - Time for Copy CMSIS : 1mS.
2026-04-18 02:08:46,156 [INFO] ProjectBuilder:3463 - Time for Copy CMSIS : 0mS.
