2026-04-17 23:46:05,113 [INFO] Activator:176 - 


2026-04-17 23:46:05,117 [INFO] Activator:177 - !SESSION log4j initialized
2026-04-17 23:46:07,663 [INFO] LogOutputStream:77 - [STDOUT_REDIRECT] 
2026-04-17 23:46:10,510 [INFO] ApplicationProperties:184 - Using Application install path: /home/anbu/st/stm32cubeide_1.19.0/plugins/com.st.stm32cube.common.mx_6.15.0.202507011659
2026-04-17 23:46:10,533 [INFO] DbMcusXml:78 - Set database path to: /home/anbu/st/stm32cubeide_1.19.0/plugins/com.st.stm32cube.common.mx_6.15.0.202507011659//db//mcu/
2026-04-17 23:46:10,533 [INFO] ApiDb:274 - Set plugin database path to: /home/anbu/st/stm32cubeide_1.19.0/plugins/com.st.stm32cube.common.mx_6.15.0.202507011659//db//plugins/boardmanager/
2026-04-17 23:46:10,534 [WARN] ApiDb:259 - Overriding images path with different value:  => /home/anbu/st/stm32cubeide_1.19.0/plugins/com.st.stm32cube.common.mx_6.15.0.202507011659//db//plugins/mcufinder/images/
2026-04-17 23:46:10,542 [INFO] ApiDb:250 - Set database path to: /home/anbu/.stmcufinder/plugins/mcufinder//mcu/
2026-04-17 23:46:10,544 [INFO] DbMcusAds:125 - Set database path to: /home/anbu/.stmcufinder/plugins/mcufinder//mcu/
2026-04-17 23:46:10,546 [INFO] CrossReferenceDbSqlite:203 - Set database path to: /home/anbu/.stmcufinder/plugins/mcufinder//mcu/cs/
2026-04-17 23:46:10,688 [INFO] RulesReader:64 - Compatibility file has been processed (317 Rules)
2026-04-17 23:46:10,778 [INFO] DbMcusXml:78 - Set database path to: /home/anbu/st/stm32cubeide_1.19.0/plugins/com.st.stm32cube.common.mx_6.15.0.202507011659//db//mcu/
2026-04-17 23:46:10,778 [INFO] ApiDb:274 - Set plugin database path to: /home/anbu/st/stm32cubeide_1.19.0/plugins/com.st.stm32cube.common.mx_6.15.0.202507011659//db//plugins/boardmanager/
2026-04-17 23:46:10,779 [INFO] ApiDb:261 - Set plugin images path to: /home/anbu/st/stm32cubeide_1.19.0/plugins/com.st.stm32cube.common.mx_6.15.0.202507011659//db//plugins/mcufinder/images/
2026-04-17 23:46:10,780 [WARN] DbFile:41 - Overriding database path with different value: /home/anbu/.stmcufinder/plugins/mcufinder/ => /home/anbu/.stmcufinder/plugins/mcufinder
2026-04-17 23:46:10,780 [INFO] ApiDb:250 - Set database path to: /home/anbu/.stmcufinder/plugins/mcufinder//mcu/
2026-04-17 23:46:10,780 [WARN] DbFile:41 - Overriding database path with different value: /home/anbu/.stmcufinder/plugins/mcufinder/ => /home/anbu/.stmcufinder/plugins/mcufinder
2026-04-17 23:46:10,781 [INFO] DbMcusAds:125 - Set database path to: /home/anbu/.stmcufinder/plugins/mcufinder//mcu/
2026-04-17 23:46:10,781 [WARN] DbFile:41 - Overriding database path with different value: /home/anbu/.stmcufinder/plugins/mcufinder/ => /home/anbu/.stmcufinder/plugins/mcufinder
2026-04-17 23:46:10,781 [WARN] DbFile:41 - Overriding database path with different value: /home/anbu/.stmcufinder/plugins/mcufinder/ => /home/anbu/.stmcufinder/plugins/mcufinder
2026-04-17 23:46:10,781 [INFO] CrossReferenceDbSqlite:203 - Set database path to: /home/anbu/.stmcufinder/plugins/mcufinder//mcu/cs/
2026-04-17 23:46:10,857 [INFO] MainPanel:274 - HeapMemory: 268435456
2026-04-17 23:46:11,102 [INFO] DbMcusXml:78 - Set database path to: /home/anbu/st/stm32cubeide_1.19.0/plugins/com.st.stm32cube.common.mx_6.15.0.202507011659//db//mcu/
2026-04-17 23:46:11,103 [INFO] ApiDb:274 - Set plugin database path to: /home/anbu/st/stm32cubeide_1.19.0/plugins/com.st.stm32cube.common.mx_6.15.0.202507011659//db//plugins/boardmanager/
2026-04-17 23:46:11,103 [INFO] ApiDb:261 - Set plugin images path to: /home/anbu/st/stm32cubeide_1.19.0/plugins/com.st.stm32cube.common.mx_6.15.0.202507011659//db//plugins/mcufinder/images/
2026-04-17 23:46:11,104 [WARN] DbFile:41 - Overriding database path with different value: /home/anbu/.stmcufinder/plugins/mcufinder/ => /home/anbu/.stmcufinder/plugins/mcufinder
2026-04-17 23:46:11,104 [INFO] ApiDb:250 - Set database path to: /home/anbu/.stmcufinder/plugins/mcufinder//mcu/
2026-04-17 23:46:11,104 [WARN] DbFile:41 - Overriding database path with different value: /home/anbu/.stmcufinder/plugins/mcufinder/ => /home/anbu/.stmcufinder/plugins/mcufinder
2026-04-17 23:46:11,105 [INFO] DbMcusAds:125 - Set database path to: /home/anbu/.stmcufinder/plugins/mcufinder//mcu/
2026-04-17 23:46:11,105 [WARN] DbFile:41 - Overriding database path with different value: /home/anbu/.stmcufinder/plugins/mcufinder/ => /home/anbu/.stmcufinder/plugins/mcufinder
2026-04-17 23:46:11,105 [WARN] DbFile:41 - Overriding database path with different value: /home/anbu/.stmcufinder/plugins/mcufinder/ => /home/anbu/.stmcufinder/plugins/mcufinder
2026-04-17 23:46:11,106 [INFO] CrossReferenceDbSqlite:203 - Set database path to: /home/anbu/.stmcufinder/plugins/mcufinder//mcu/cs/
2026-04-17 23:46:11,126 [INFO] ApplicationProperties:184 - Using Application install path: /home/anbu/st/stm32cubeide_1.19.0/plugins/com.st.stm32cube.common.mx_6.15.0.202507011659
2026-04-17 23:46:11,128 [INFO] PluginManage:196 - Search for loadable plugins [exclusion list=, ]
2026-04-17 23:46:11,130 [INFO] PluginManage:310 - Check plugin analytics
2026-04-17 23:46:11,324 [INFO] AnalyticsPlugin:253 - Accepted Software Licenses: 
2026-04-17 23:46:11,324 [INFO] AnalyticsPlugin:255 - Accepted CMSIS Pack Licenses: 
2026-04-17 23:46:11,325 [INFO] AnalyticsPlugin:257 - Accepted Firmware Licenses: 
2026-04-17 23:46:11,328 [INFO] PluginManage:359 - Loaded plugin analytics (category:tool,tabindex:-1)
2026-04-17 23:46:11,328 [INFO] PluginManage:310 - Check plugin cadmodel
2026-04-17 23:46:11,333 [INFO] CADModel:105 - Init CAD model plugin
2026-04-17 23:46:11,334 [INFO] PluginManage:359 - Loaded plugin cadmodel (category:power,tabindex:5)
2026-04-17 23:46:11,334 [INFO] PluginManage:310 - Check plugin clock
2026-04-17 23:46:11,344 [INFO] PluginManage:359 - Loaded plugin clock (category:base,tabindex:2)
2026-04-17 23:46:11,344 [INFO] PluginManage:310 - Check plugin ddr
2026-04-17 23:46:11,346 [INFO] PluginManage:359 - Loaded plugin ddr (category:tool,tabindex:6)
2026-04-17 23:46:11,347 [INFO] PluginManage:310 - Check plugin filemanager
2026-04-17 23:46:11,542 [INFO] PluginManage:359 - Loaded plugin filemanager (category:base,tabindex:10)
2026-04-17 23:46:11,542 [INFO] PluginManage:310 - Check plugin ipmanager
2026-04-17 23:46:11,549 [INFO] PluginManage:359 - Loaded plugin ipmanager (category:base,tabindex:5)
2026-04-17 23:46:11,550 [INFO] PluginManage:310 - Check plugin lpbam
2026-04-17 23:46:11,560 [INFO] PluginManage:359 - Loaded plugin lpbam (category:base,tabindex:0)
2026-04-17 23:46:11,560 [INFO] PluginManage:310 - Check plugin memorymap
2026-04-17 23:46:11,572 [INFO] PluginManage:359 - Loaded plugin memorymap (category:base,tabindex:4)
2026-04-17 23:46:11,573 [INFO] PluginManage:310 - Check plugin pinoutandconfiguration
2026-04-17 23:46:11,582 [INFO] PluginManage:359 - Loaded plugin pinoutandconfiguration (category:base,tabindex:1)
2026-04-17 23:46:11,583 [INFO] PluginManage:310 - Check plugin pinoutconfig
2026-04-17 23:46:11,619 [INFO] McuFinderGlobals:63 - Set McuFinder mode to 2 (CubeIDE integrated)
2026-04-17 23:46:11,676 [WARN] SupportedApi:132 - Cannot load RTOS API schema: s4s-elt-must-match.1: The content of 'definitions' must match (annotation?, (simpleType | complexType)?, (unique | key | keyref)*)). A problem was found starting at: attribute.
2026-04-17 23:46:11,800 [INFO] PluginManage:359 - Loaded plugin pinoutconfig (category:base,tabindex:0)
2026-04-17 23:46:11,801 [INFO] PluginManage:310 - Check plugin power
2026-04-17 23:46:11,810 [INFO] PluginManage:359 - Loaded plugin power (category:power,tabindex:4)
2026-04-17 23:46:11,810 [INFO] PluginManage:310 - Check plugin projectmanager
2026-04-17 23:46:11,827 [INFO] PluginManage:359 - Loaded plugin projectmanager (category:projectmanager,tabindex:4)
2026-04-17 23:46:11,827 [INFO] PluginManage:310 - Check plugin rif
2026-04-17 23:46:11,835 [INFO] PluginManage:359 - Loaded plugin rif (category:base,tabindex:3)
2026-04-17 23:46:11,836 [INFO] PluginManage:310 - Check plugin thirdparty
2026-04-17 23:46:11,956 [INFO] PluginManage:359 - Loaded plugin thirdparty (category:base,tabindex:-1)
2026-04-17 23:46:11,956 [WARN] IntegrityCheckThread:84 - waiting for thirdparty lock release [integrity check]
2026-04-17 23:46:11,956 [INFO] PluginManage:310 - Check plugin tools
2026-04-17 23:46:11,957 [INFO] IntegrityCheckThread:86 - entering critical section [integrity check]
2026-04-17 23:46:11,957 [INFO] ThirdPartyUpdaterWithRetryManager:70 - Updater plugin not ready yet. [1/15]
2026-04-17 23:46:11,959 [INFO] PluginManage:359 - Loaded plugin tools (category:base,tabindex:7)
2026-04-17 23:46:11,959 [INFO] PluginManage:310 - Check plugin tutovideos
2026-04-17 23:46:12,131 [INFO] PluginManage:359 - Loaded plugin tutovideos (category:base,tabindex:-1)
2026-04-17 23:46:12,132 [INFO] PluginManage:310 - Check plugin updater
2026-04-17 23:46:12,154 [INFO] PluginManage:359 - Loaded plugin updater (category:base,tabindex:12)
2026-04-17 23:46:12,155 [INFO] PluginManage:310 - Check plugin userauth
2026-04-17 23:46:12,158 [INFO] UserAuth:118 - Init User Auth plugin
2026-04-17 23:46:12,159 [INFO] PluginManage:359 - Loaded plugin userauth (category:base,tabindex:14)
2026-04-17 23:46:12,160 [INFO] PluginManage:283 - PluginManage : Loaded plugins [18]
2026-04-17 23:46:12,310 [INFO] PinOutPanel:1589 - setPackage(No Configuration,No Configuration)
2026-04-17 23:46:12,362 [INFO] CADModel:165 - CPN selected for project level
2026-04-17 23:46:12,363 [INFO] CADModel:114 - Register for checkConnection events
2026-04-17 23:46:12,370 [INFO] IPUIPlugin:80 - create IPUIPlugin
2026-04-17 23:46:12,371 [INFO] PluginManager:220 - loadIPPluginJar : add nvic
2026-04-17 23:46:12,376 [INFO] IPUIPlugin:80 - create IPUIPlugin
2026-04-17 23:46:12,376 [INFO] PluginManager:220 - loadIPPluginJar : add linkedlist
2026-04-17 23:46:12,378 [INFO] IPUIPlugin:80 - create IPUIPlugin
2026-04-17 23:46:12,379 [INFO] PluginManager:220 - loadIPPluginJar : add radio
2026-04-17 23:46:12,380 [INFO] IPUIPlugin:80 - create IPUIPlugin
2026-04-17 23:46:12,381 [INFO] PluginManager:220 - loadIPPluginJar : add ts
2026-04-17 23:46:12,384 [INFO] IPUIPlugin:80 - create IPUIPlugin
2026-04-17 23:46:12,384 [INFO] PluginManager:220 - loadIPPluginJar : add i2s
2026-04-17 23:46:12,386 [INFO] IPUIPlugin:80 - create IPUIPlugin
2026-04-17 23:46:12,386 [INFO] PluginManager:220 - loadIPPluginJar : add spi
2026-04-17 23:46:12,387 [INFO] IPUIPlugin:80 - create IPUIPlugin
2026-04-17 23:46:12,388 [INFO] PluginManager:220 - loadIPPluginJar : add aes
2026-04-17 23:46:12,389 [INFO] IPUIPlugin:80 - create IPUIPlugin
2026-04-17 23:46:12,389 [INFO] PluginManager:220 - loadIPPluginJar : add openamp
2026-04-17 23:46:12,391 [INFO] IPUIPlugin:80 - create IPUIPlugin
2026-04-17 23:46:12,391 [INFO] PluginManager:220 - loadIPPluginJar : add can
2026-04-17 23:46:12,395 [INFO] IPUIPlugin:80 - create IPUIPlugin
2026-04-17 23:46:12,397 [INFO] PluginManager:220 - loadIPPluginJar : add plateformsettings
2026-04-17 23:46:12,399 [INFO] IPUIPlugin:80 - create IPUIPlugin
2026-04-17 23:46:12,399 [INFO] PluginManager:220 - loadIPPluginJar : add tsc
2026-04-17 23:46:12,400 [INFO] IPUIPlugin:80 - create IPUIPlugin
2026-04-17 23:46:12,400 [INFO] PluginManager:220 - loadIPPluginJar : add comp
2026-04-17 23:46:12,401 [INFO] IPUIPlugin:80 - create IPUIPlugin
2026-04-17 23:46:12,401 [INFO] PluginManager:220 - loadIPPluginJar : add ltdc
2026-04-17 23:46:12,405 [INFO] IPUIPlugin:80 - create IPUIPlugin
2026-04-17 23:46:12,405 [INFO] PluginManager:220 - loadIPPluginJar : add freertos
2026-04-17 23:46:12,406 [INFO] IPUIPlugin:80 - create IPUIPlugin
2026-04-17 23:46:12,407 [INFO] PluginManager:220 - loadIPPluginJar : add dfsdm
2026-04-17 23:46:12,409 [INFO] IPUIPlugin:80 - create IPUIPlugin
2026-04-17 23:46:12,409 [INFO] PluginManager:220 - loadIPPluginJar : add ipddr
2026-04-17 23:46:12,411 [INFO] IPUIPlugin:80 - create IPUIPlugin
2026-04-17 23:46:12,411 [INFO] PluginManager:220 - loadIPPluginJar : add opamp
2026-04-17 23:46:12,413 [INFO] IPUIPlugin:80 - create IPUIPlugin
2026-04-17 23:46:12,414 [INFO] PluginManager:220 - loadIPPluginJar : add pdm2pcm
2026-04-17 23:46:12,415 [INFO] IPUIPlugin:80 - create IPUIPlugin
2026-04-17 23:46:12,416 [INFO] PluginManager:220 - loadIPPluginJar : add i2c
2026-04-17 23:46:12,417 [INFO] IPUIPlugin:80 - create IPUIPlugin
2026-04-17 23:46:12,417 [INFO] PluginManager:220 - loadIPPluginJar : add gfxmmu
2026-04-17 23:46:12,419 [INFO] IPUIPlugin:80 - create IPUIPlugin
2026-04-17 23:46:12,419 [INFO] PluginManager:220 - loadIPPluginJar : add usart
2026-04-17 23:46:12,421 [INFO] IPUIPlugin:80 - create IPUIPlugin
2026-04-17 23:46:12,421 [INFO] PluginManager:220 - loadIPPluginJar : add ucpd
2026-04-17 23:46:12,423 [INFO] IPUIPlugin:80 - create IPUIPlugin
2026-04-17 23:46:12,423 [INFO] PluginManager:220 - loadIPPluginJar : add resmgrutility
2026-04-17 23:46:12,425 [INFO] IPUIPlugin:80 - create IPUIPlugin
2026-04-17 23:46:12,425 [INFO] PluginManager:220 - loadIPPluginJar : add hash
2026-04-17 23:46:12,427 [INFO] IPUIPlugin:80 - create IPUIPlugin
2026-04-17 23:46:12,427 [INFO] PluginManager:220 - loadIPPluginJar : add dma3
2026-04-17 23:46:12,428 [INFO] IPUIPlugin:80 - create IPUIPlugin
2026-04-17 23:46:12,428 [INFO] PluginManager:220 - loadIPPluginJar : add tracer_emb
2026-04-17 23:46:12,429 [INFO] IPUIPlugin:80 - create IPUIPlugin
2026-04-17 23:46:12,429 [INFO] PluginManager:220 - loadIPPluginJar : add fatfs
2026-04-17 23:46:12,432 [INFO] IPUIPlugin:80 - create IPUIPlugin
2026-04-17 23:46:12,432 [INFO] PluginManager:220 - loadIPPluginJar : add gtzc
2026-04-17 23:46:12,433 [INFO] IPUIPlugin:80 - create IPUIPlugin
2026-04-17 23:46:12,433 [INFO] PluginManager:220 - loadIPPluginJar : add tim
2026-04-17 23:46:12,435 [INFO] IPUIPlugin:80 - create IPUIPlugin
2026-04-17 23:46:12,435 [INFO] PluginManager:220 - loadIPPluginJar : add sai
2026-04-17 23:46:12,439 [INFO] IPUIPlugin:80 - create IPUIPlugin
2026-04-17 23:46:12,439 [INFO] PluginManager:220 - loadIPPluginJar : add adc
2026-04-17 23:46:12,443 [INFO] IPUIPlugin:80 - create IPUIPlugin
2026-04-17 23:46:12,444 [INFO] PluginManager:220 - loadIPPluginJar : add mdma
2026-04-17 23:46:12,445 [INFO] IPUIPlugin:80 - create IPUIPlugin
2026-04-17 23:46:12,445 [INFO] PluginManager:220 - loadIPPluginJar : add quadspi
2026-04-17 23:46:12,447 [INFO] IPUIPlugin:80 - create IPUIPlugin
2026-04-17 23:46:12,447 [INFO] PluginManager:220 - loadIPPluginJar : add ddr_ctrl_phy
2026-04-17 23:46:12,449 [INFO] IPUIPlugin:80 - create IPUIPlugin
2026-04-17 23:46:12,449 [INFO] PluginManager:220 - loadIPPluginJar : add extmemmanager
2026-04-17 23:46:12,452 [INFO] IPUIPlugin:80 - create IPUIPlugin
2026-04-17 23:46:12,452 [INFO] PluginManager:220 - loadIPPluginJar : add fmc
2026-04-17 23:46:12,453 [INFO] IPUIPlugin:80 - create IPUIPlugin
2026-04-17 23:46:12,454 [INFO] PluginManager:220 - loadIPPluginJar : add cryp
2026-04-17 23:46:12,457 [INFO] IPUIPlugin:80 - create IPUIPlugin
2026-04-17 23:46:12,458 [INFO] PluginManager:220 - loadIPPluginJar : add dma
2026-04-17 23:46:12,459 [INFO] IPUIPlugin:80 - create IPUIPlugin
2026-04-17 23:46:12,460 [INFO] PluginManager:220 - loadIPPluginJar : add i3c
2026-04-17 23:46:12,464 [INFO] IPUIPlugin:80 - create IPUIPlugin
2026-04-17 23:46:12,464 [INFO] PluginManager:220 - loadIPPluginJar : add stm32_wpan
2026-04-17 23:46:12,465 [INFO] IPUIPlugin:80 - create IPUIPlugin
2026-04-17 23:46:12,465 [INFO] PluginManager:220 - loadIPPluginJar : add genericplugin
2026-04-17 23:46:12,467 [INFO] IPUIPlugin:80 - create IPUIPlugin
2026-04-17 23:46:12,467 [INFO] PluginManager:220 - loadIPPluginJar : add lorawan
2026-04-17 23:46:12,469 [INFO] IPUIPlugin:80 - create IPUIPlugin
2026-04-17 23:46:12,469 [INFO] PluginManager:220 - loadIPPluginJar : add touchsensing
2026-04-17 23:46:12,472 [INFO] IPUIPlugin:80 - create IPUIPlugin
2026-04-17 23:46:12,473 [INFO] PluginManager:220 - loadIPPluginJar : add gpio
2026-04-17 23:46:12,475 [INFO] IPUIPlugin:80 - create IPUIPlugin
2026-04-17 23:46:12,475 [INFO] PluginManager:220 - loadIPPluginJar : add usbx
2026-04-17 23:46:12,479 [INFO] IPUIPlugin:80 - create IPUIPlugin
2026-04-17 23:46:12,479 [INFO] PluginManager:220 - loadIPPluginJar : add gic
2026-04-17 23:46:12,576 [FATAL] Updater:351 - Updater called before beeing initialized
2026-04-17 23:46:12,594 [INFO] RulesReader:64 - Compatibility file has been processed (317 Rules)
2026-04-17 23:46:12,603 [INFO] RulesReader:64 - Compatibility file has been processed (317 Rules)
2026-04-17 23:46:12,608 [INFO] CADModel:165 - CPN selected for project level
2026-04-17 23:46:12,608 [INFO] CADModel:114 - Register for checkConnection events
2026-04-17 23:46:12,608 [FATAL] Updater:351 - Updater called before beeing initialized
2026-04-17 23:46:12,609 [ERROR] CADModel:125 - Updater not yet initialized, retry later 
2026-04-17 23:46:12,696 [FATAL] Updater:351 - Updater called before beeing initialized
2026-04-17 23:46:12,697 [INFO] CADModel:165 - CPN selected for project level
2026-04-17 23:46:12,698 [INFO] CADModel:114 - Register for checkConnection events
2026-04-17 23:46:12,698 [FATAL] Updater:351 - Updater called before beeing initialized
2026-04-17 23:46:12,698 [ERROR] CADModel:125 - Updater not yet initialized, retry later 
2026-04-17 23:46:12,700 [FATAL] Updater:351 - Updater called before beeing initialized
2026-04-17 23:46:12,761 [FATAL] Updater:351 - Updater called before beeing initialized
2026-04-17 23:46:12,764 [INFO] DbMcusAds:53 - JSON generation date=Thu Mar 05 20:02:52 IST 2026 (1772721172610)
2026-04-17 23:46:12,765 [FATAL] Updater:351 - Updater called before beeing initialized
2026-04-17 23:46:12,791 [WARN] DetailPanel:346 - Failed to get advertising image, set to default
2026-04-17 23:46:12,855 [FATAL] Updater:351 - Updater called before beeing initialized
2026-04-17 23:46:12,856 [FATAL] Updater:351 - Updater called before beeing initialized
2026-04-17 23:46:12,857 [FATAL] Updater:351 - Updater called before beeing initialized
2026-04-17 23:46:12,857 [WARN] DetailPanel:346 - Failed to get advertising image, set to default
2026-04-17 23:46:12,858 [FATAL] Updater:351 - Updater called before beeing initialized
2026-04-17 23:46:12,880 [ERROR] Updater:1198 - MainUpdater not yet initialized. External WinMGr cannot be set.
2026-04-17 23:46:12,881 [INFO] Updater:1134 - Updater Version found : 6.15.0
2026-04-17 23:46:12,892 [INFO] ApplicationProperties:184 - Using Application install path: /home/anbu/st/stm32cubeide_1.19.0/plugins/com.st.stm32cube.common.mx_6.15.0.202507011659
2026-04-17 23:46:13,196 [INFO] MainUpdater:2872 - connection check result : 10
2026-04-17 23:46:13,196 [INFO] MainUpdater:3604 - Updater definition file requires update
2026-04-17 23:46:13,197 [INFO] MainUpdater:289 - Updater Check For Update Now.
2026-04-17 23:46:13,197 [INFO] MicroXplorer:498 - Change Database Version : DB.6.0.150
2026-04-17 23:46:13,205 [INFO] McuFinderGlobals:63 - Set McuFinder mode to 2 (CubeIDE integrated)
2026-04-17 23:46:13,206 [INFO] UserAuth:487 - Internet connection configuration mode: 1
2026-04-17 23:46:13,218 [INFO] JxBrowserEngine:152 - Initiate JxBrowser Engine with user profile folder
2026-04-17 23:46:14,080 [INFO] WebApp:169 - Instantiating new browser for Auth
2026-04-17 23:46:14,527 [INFO] ServerAccessManage:452 - Complete download http(s) 200
2026-04-17 23:46:14,529 [INFO] ServerAccessManage:509 - Download File updaters.zip
2026-04-17 23:46:14,958 [WARN] MainUpdater:1193 - Updater busy. Cannot search thirdparties
2026-04-17 23:46:14,959 [INFO] ThirdPartyUpdaterWithRetryManager:96 - Updater plugin is busy. [1/15]
2026-04-17 23:46:15,095 [INFO] WebApp:463 - Apply proxy settings
2026-04-17 23:46:15,095 [INFO] WebApp:548 - Chromium requires no authentication
2026-04-17 23:46:15,102 [INFO] WebApp:491 - Direct internet connection detected
2026-04-17 23:46:15,130 [INFO] WebApp:900 - Register for checkConnection events
2026-04-17 23:46:15,130 [INFO] WebApp:463 - Apply proxy settings
2026-04-17 23:46:15,131 [INFO] WebApp:548 - Chromium requires no authentication
2026-04-17 23:46:15,132 [INFO] WebApp:491 - Direct internet connection detected
2026-04-17 23:46:15,348 [INFO] WebApp:225 - Starting web application
2026-04-17 23:46:15,349 [INFO] WebApp:593 - Web application path used /home/anbu/st/stm32cubeide_1.19.0/plugins/com.st.stm32cube.common.mx_6.15.0.202507011659/db/plugins/mcufinder/reactClient1/index.html
2026-04-17 23:46:16,643 [INFO] UserAuth:487 - Internet connection configuration mode: 1
2026-04-17 23:46:17,959 [WARN] MainUpdater:1193 - Updater busy. Cannot search thirdparties
2026-04-17 23:46:17,960 [INFO] ThirdPartyUpdaterWithRetryManager:96 - Updater plugin is busy. [2/15]
2026-04-17 23:46:20,710 [INFO] FileExtend:248 - Unzip File : updaters.zip
2026-04-17 23:46:20,711 [INFO] FileExtend:263 - Standard Zip Deflate
2026-04-17 23:46:20,848 [INFO] WebApp:191 - Connection restablished
2026-04-17 23:46:20,961 [WARN] MainUpdater:1193 - Updater busy. Cannot search thirdparties
2026-04-17 23:46:20,962 [INFO] ThirdPartyUpdaterWithRetryManager:96 - Updater plugin is busy. [3/15]
2026-04-17 23:46:21,857 [INFO] ServerAccessManage:452 - Complete download http(s) 200
2026-04-17 23:46:21,857 [INFO] ServerAccessManage:509 - Download File PacksControlFlags.xml
2026-04-17 23:46:22,635 [INFO] ServerAccessManage:452 - Complete download http(s) 200
2026-04-17 23:46:22,636 [INFO] ServerAccessManage:509 - Download File cubemx.pidx
2026-04-17 23:46:23,804 [INFO] ServerAccessManage:452 - Complete download http(s) 200
2026-04-17 23:46:23,804 [INFO] ServerAccessManage:509 - Download File STMicroelectronics.X-CUBE-AI.pdsc
2026-04-17 23:46:23,962 [WARN] MainUpdater:1193 - Updater busy. Cannot search thirdparties
2026-04-17 23:46:23,963 [INFO] ThirdPartyUpdaterWithRetryManager:96 - Updater plugin is busy. [4/15]
2026-04-17 23:46:26,964 [WARN] MainUpdater:1193 - Updater busy. Cannot search thirdparties
2026-04-17 23:46:26,965 [INFO] ThirdPartyUpdaterWithRetryManager:96 - Updater plugin is busy. [5/15]
2026-04-17 23:46:29,966 [WARN] MainUpdater:1193 - Updater busy. Cannot search thirdparties
2026-04-17 23:46:29,966 [INFO] ThirdPartyUpdaterWithRetryManager:96 - Updater plugin is busy. [6/15]
2026-04-17 23:46:32,967 [WARN] MainUpdater:1193 - Updater busy. Cannot search thirdparties
2026-04-17 23:46:32,968 [INFO] ThirdPartyUpdaterWithRetryManager:96 - Updater plugin is busy. [7/15]
2026-04-17 23:46:33,220 [INFO] MainUpdater:2872 - connection check result : 10
2026-04-17 23:46:35,143 [INFO] ServerAccessManage:452 - Complete download http(s) 200
2026-04-17 23:46:35,144 [INFO] ServerAccessManage:509 - Download File STMicroelectronics.X-CUBE-ALS.pdsc
2026-04-17 23:46:35,969 [WARN] MainUpdater:1193 - Updater busy. Cannot search thirdparties
2026-04-17 23:46:35,969 [INFO] ThirdPartyUpdaterWithRetryManager:96 - Updater plugin is busy. [8/15]
2026-04-17 23:46:37,291 [INFO] ServerAccessManage:452 - Complete download http(s) 200
2026-04-17 23:46:37,292 [INFO] ServerAccessManage:509 - Download File STMicroelectronics.X-CUBE-BLE1.pdsc
2026-04-17 23:46:38,970 [WARN] MainUpdater:1193 - Updater busy. Cannot search thirdparties
2026-04-17 23:46:38,971 [INFO] ThirdPartyUpdaterWithRetryManager:96 - Updater plugin is busy. [9/15]
2026-04-17 23:46:41,972 [WARN] MainUpdater:1193 - Updater busy. Cannot search thirdparties
2026-04-17 23:46:41,972 [INFO] ThirdPartyUpdaterWithRetryManager:96 - Updater plugin is busy. [10/15]
2026-04-17 23:46:44,973 [WARN] MainUpdater:1193 - Updater busy. Cannot search thirdparties
2026-04-17 23:46:44,973 [INFO] ThirdPartyUpdaterWithRetryManager:96 - Updater plugin is busy. [11/15]
2026-04-17 23:46:45,948 [ERROR] ServerAccessManage:1212 - Problem, file not found on Server
2026-04-17 23:46:47,080 [INFO] ServerAccessManage:452 - Complete download http(s) 200
2026-04-17 23:46:47,081 [INFO] ServerAccessManage:509 - Download File STMicroelectronics.X-CUBE-BLE2.pdsc
2026-04-17 23:46:47,974 [WARN] MainUpdater:1193 - Updater busy. Cannot search thirdparties
2026-04-17 23:46:47,975 [INFO] ThirdPartyUpdaterWithRetryManager:96 - Updater plugin is busy. [12/15]
2026-04-17 23:46:50,976 [WARN] MainUpdater:1193 - Updater busy. Cannot search thirdparties
2026-04-17 23:46:50,976 [INFO] ThirdPartyUpdaterWithRetryManager:96 - Updater plugin is busy. [13/15]
2026-04-17 23:46:52,314 [INFO] ServerAccessManage:452 - Complete download http(s) 200
2026-04-17 23:46:52,315 [INFO] ServerAccessManage:509 - Download File STMicroelectronics.X-CUBE-BLEMGR.pdsc
2026-04-17 23:46:52,987 [ERROR] ServerAccessManage:1212 - Problem, file not found on Server
2026-04-17 23:46:53,977 [WARN] MainUpdater:1193 - Updater busy. Cannot search thirdparties
2026-04-17 23:46:53,978 [INFO] ThirdPartyUpdaterWithRetryManager:96 - Updater plugin is busy. [14/15]
2026-04-17 23:46:56,979 [WARN] MainUpdater:1193 - Updater busy. Cannot search thirdparties
2026-04-17 23:46:56,980 [INFO] ThirdPartyUpdaterWithRetryManager:96 - Updater plugin is busy. [15/15]
2026-04-17 23:46:56,981 [ERROR] IntegrityCheckThread:130 - Cannot retrieve database content from updater: error -1
2026-04-17 23:46:56,982 [INFO] ThirdParty:978 - Integrity check success = false
2026-04-17 23:46:56,982 [INFO] IntegrityCheckThread:100 - exiting critical section [integrity check]
2026-04-17 23:46:56,982 [INFO] IntegrityCheckThread:103 - End integrity checks thread
2026-04-17 23:46:57,104 [INFO] ServerAccessManage:452 - Complete download http(s) 200
2026-04-17 23:46:57,104 [INFO] ServerAccessManage:509 - Download File STMicroelectronics.X-CUBE-DISPLAY.pdsc
2026-04-17 23:48:45,422 [INFO] Activator:176 - 


2026-04-17 23:48:45,425 [INFO] Activator:177 - !SESSION log4j initialized
2026-04-17 23:48:47,075 [INFO] LogOutputStream:77 - [STDOUT_REDIRECT] 
2026-04-17 23:48:50,037 [INFO] ApplicationProperties:184 - Using Application install path: /home/anbu/st/stm32cubeide_1.19.0/plugins/com.st.stm32cube.common.mx_6.15.0.202507011659
2026-04-17 23:48:50,059 [INFO] DbMcusXml:78 - Set database path to: /home/anbu/st/stm32cubeide_1.19.0/plugins/com.st.stm32cube.common.mx_6.15.0.202507011659//db//mcu/
2026-04-17 23:48:50,060 [INFO] ApiDb:274 - Set plugin database path to: /home/anbu/st/stm32cubeide_1.19.0/plugins/com.st.stm32cube.common.mx_6.15.0.202507011659//db//plugins/boardmanager/
2026-04-17 23:48:50,061 [WARN] ApiDb:259 - Overriding images path with different value:  => /home/anbu/st/stm32cubeide_1.19.0/plugins/com.st.stm32cube.common.mx_6.15.0.202507011659//db//plugins/mcufinder/images/
2026-04-17 23:48:50,066 [INFO] ApiDb:250 - Set database path to: /home/anbu/.stmcufinder/plugins/mcufinder//mcu/
2026-04-17 23:48:50,067 [INFO] DbMcusAds:125 - Set database path to: /home/anbu/.stmcufinder/plugins/mcufinder//mcu/
2026-04-17 23:48:50,070 [INFO] CrossReferenceDbSqlite:203 - Set database path to: /home/anbu/.stmcufinder/plugins/mcufinder//mcu/cs/
2026-04-17 23:48:50,221 [INFO] RulesReader:64 - Compatibility file has been processed (317 Rules)
2026-04-17 23:48:50,309 [INFO] DbMcusXml:78 - Set database path to: /home/anbu/st/stm32cubeide_1.19.0/plugins/com.st.stm32cube.common.mx_6.15.0.202507011659//db//mcu/
2026-04-17 23:48:50,310 [INFO] ApiDb:274 - Set plugin database path to: /home/anbu/st/stm32cubeide_1.19.0/plugins/com.st.stm32cube.common.mx_6.15.0.202507011659//db//plugins/boardmanager/
2026-04-17 23:48:50,310 [INFO] ApiDb:261 - Set plugin images path to: /home/anbu/st/stm32cubeide_1.19.0/plugins/com.st.stm32cube.common.mx_6.15.0.202507011659//db//plugins/mcufinder/images/
2026-04-17 23:48:50,311 [WARN] DbFile:41 - Overriding database path with different value: /home/anbu/.stmcufinder/plugins/mcufinder/ => /home/anbu/.stmcufinder/plugins/mcufinder
2026-04-17 23:48:50,312 [INFO] ApiDb:250 - Set database path to: /home/anbu/.stmcufinder/plugins/mcufinder//mcu/
2026-04-17 23:48:50,312 [WARN] DbFile:41 - Overriding database path with different value: /home/anbu/.stmcufinder/plugins/mcufinder/ => /home/anbu/.stmcufinder/plugins/mcufinder
2026-04-17 23:48:50,313 [INFO] DbMcusAds:125 - Set database path to: /home/anbu/.stmcufinder/plugins/mcufinder//mcu/
2026-04-17 23:48:50,313 [WARN] DbFile:41 - Overriding database path with different value: /home/anbu/.stmcufinder/plugins/mcufinder/ => /home/anbu/.stmcufinder/plugins/mcufinder
2026-04-17 23:48:50,314 [WARN] DbFile:41 - Overriding database path with different value: /home/anbu/.stmcufinder/plugins/mcufinder/ => /home/anbu/.stmcufinder/plugins/mcufinder
2026-04-17 23:48:50,314 [INFO] CrossReferenceDbSqlite:203 - Set database path to: /home/anbu/.stmcufinder/plugins/mcufinder//mcu/cs/
2026-04-17 23:48:50,394 [INFO] MainPanel:274 - HeapMemory: 268435456
2026-04-17 23:48:50,531 [INFO] DbMcusXml:78 - Set database path to: /home/anbu/st/stm32cubeide_1.19.0/plugins/com.st.stm32cube.common.mx_6.15.0.202507011659//db//mcu/
2026-04-17 23:48:50,532 [INFO] ApiDb:274 - Set plugin database path to: /home/anbu/st/stm32cubeide_1.19.0/plugins/com.st.stm32cube.common.mx_6.15.0.202507011659//db//plugins/boardmanager/
2026-04-17 23:48:50,532 [INFO] ApiDb:261 - Set plugin images path to: /home/anbu/st/stm32cubeide_1.19.0/plugins/com.st.stm32cube.common.mx_6.15.0.202507011659//db//plugins/mcufinder/images/
2026-04-17 23:48:50,533 [WARN] DbFile:41 - Overriding database path with different value: /home/anbu/.stmcufinder/plugins/mcufinder/ => /home/anbu/.stmcufinder/plugins/mcufinder
2026-04-17 23:48:50,533 [INFO] ApiDb:250 - Set database path to: /home/anbu/.stmcufinder/plugins/mcufinder//mcu/
2026-04-17 23:48:50,534 [WARN] DbFile:41 - Overriding database path with different value: /home/anbu/.stmcufinder/plugins/mcufinder/ => /home/anbu/.stmcufinder/plugins/mcufinder
2026-04-17 23:48:50,534 [INFO] DbMcusAds:125 - Set database path to: /home/anbu/.stmcufinder/plugins/mcufinder//mcu/
2026-04-17 23:48:50,535 [WARN] DbFile:41 - Overriding database path with different value: /home/anbu/.stmcufinder/plugins/mcufinder/ => /home/anbu/.stmcufinder/plugins/mcufinder
2026-04-17 23:48:50,535 [WARN] DbFile:41 - Overriding database path with different value: /home/anbu/.stmcufinder/plugins/mcufinder/ => /home/anbu/.stmcufinder/plugins/mcufinder
2026-04-17 23:48:50,536 [INFO] CrossReferenceDbSqlite:203 - Set database path to: /home/anbu/.stmcufinder/plugins/mcufinder//mcu/cs/
2026-04-17 23:48:50,558 [INFO] ApplicationProperties:184 - Using Application install path: /home/anbu/st/stm32cubeide_1.19.0/plugins/com.st.stm32cube.common.mx_6.15.0.202507011659
2026-04-17 23:48:50,560 [INFO] PluginManage:196 - Search for loadable plugins [exclusion list=, ]
2026-04-17 23:48:50,562 [INFO] PluginManage:310 - Check plugin analytics
2026-04-17 23:48:50,753 [INFO] AnalyticsPlugin:253 - Accepted Software Licenses: 
2026-04-17 23:48:50,753 [INFO] AnalyticsPlugin:255 - Accepted CMSIS Pack Licenses: 
2026-04-17 23:48:50,754 [INFO] AnalyticsPlugin:257 - Accepted Firmware Licenses: 
2026-04-17 23:48:50,757 [INFO] PluginManage:359 - Loaded plugin analytics (category:tool,tabindex:-1)
2026-04-17 23:48:50,758 [INFO] PluginManage:310 - Check plugin cadmodel
2026-04-17 23:48:50,762 [INFO] CADModel:105 - Init CAD model plugin
2026-04-17 23:48:50,762 [INFO] PluginManage:359 - Loaded plugin cadmodel (category:power,tabindex:5)
2026-04-17 23:48:50,763 [INFO] PluginManage:310 - Check plugin clock
2026-04-17 23:48:50,775 [INFO] PluginManage:359 - Loaded plugin clock (category:base,tabindex:2)
2026-04-17 23:48:50,775 [INFO] PluginManage:310 - Check plugin ddr
2026-04-17 23:48:50,778 [INFO] PluginManage:359 - Loaded plugin ddr (category:tool,tabindex:6)
2026-04-17 23:48:50,778 [INFO] PluginManage:310 - Check plugin filemanager
2026-04-17 23:48:50,953 [INFO] PluginManage:359 - Loaded plugin filemanager (category:base,tabindex:10)
2026-04-17 23:48:50,954 [INFO] PluginManage:310 - Check plugin ipmanager
2026-04-17 23:48:50,960 [INFO] PluginManage:359 - Loaded plugin ipmanager (category:base,tabindex:5)
2026-04-17 23:48:50,961 [INFO] PluginManage:310 - Check plugin lpbam
2026-04-17 23:48:50,970 [INFO] PluginManage:359 - Loaded plugin lpbam (category:base,tabindex:0)
2026-04-17 23:48:50,971 [INFO] PluginManage:310 - Check plugin memorymap
2026-04-17 23:48:50,983 [INFO] PluginManage:359 - Loaded plugin memorymap (category:base,tabindex:4)
2026-04-17 23:48:50,983 [INFO] PluginManage:310 - Check plugin pinoutandconfiguration
2026-04-17 23:48:50,992 [INFO] PluginManage:359 - Loaded plugin pinoutandconfiguration (category:base,tabindex:1)
2026-04-17 23:48:50,993 [INFO] PluginManage:310 - Check plugin pinoutconfig
2026-04-17 23:48:51,104 [WARN] SupportedApi:132 - Cannot load RTOS API schema: s4s-elt-must-match.1: The content of 'definitions' must match (annotation?, (simpleType | complexType)?, (unique | key | keyref)*)). A problem was found starting at: attribute.
2026-04-17 23:48:51,274 [INFO] PluginManage:359 - Loaded plugin pinoutconfig (category:base,tabindex:0)
2026-04-17 23:48:51,275 [INFO] PluginManage:310 - Check plugin power
2026-04-17 23:48:51,282 [INFO] PluginManage:359 - Loaded plugin power (category:power,tabindex:4)
2026-04-17 23:48:51,283 [INFO] PluginManage:310 - Check plugin projectmanager
2026-04-17 23:48:51,300 [INFO] PluginManage:359 - Loaded plugin projectmanager (category:projectmanager,tabindex:4)
2026-04-17 23:48:51,301 [INFO] PluginManage:310 - Check plugin rif
2026-04-17 23:48:51,308 [INFO] PluginManage:359 - Loaded plugin rif (category:base,tabindex:3)
2026-04-17 23:48:51,308 [INFO] PluginManage:310 - Check plugin thirdparty
2026-04-17 23:48:51,403 [INFO] PluginManage:359 - Loaded plugin thirdparty (category:base,tabindex:-1)
2026-04-17 23:48:51,403 [WARN] IntegrityCheckThread:84 - waiting for thirdparty lock release [integrity check]
2026-04-17 23:48:51,403 [INFO] PluginManage:310 - Check plugin tools
2026-04-17 23:48:51,404 [INFO] IntegrityCheckThread:86 - entering critical section [integrity check]
2026-04-17 23:48:51,404 [INFO] ThirdPartyUpdaterWithRetryManager:70 - Updater plugin not ready yet. [1/15]
2026-04-17 23:48:51,405 [INFO] PluginManage:359 - Loaded plugin tools (category:base,tabindex:7)
2026-04-17 23:48:51,406 [INFO] PluginManage:310 - Check plugin tutovideos
2026-04-17 23:48:51,549 [INFO] PluginManage:359 - Loaded plugin tutovideos (category:base,tabindex:-1)
2026-04-17 23:48:51,549 [INFO] PluginManage:310 - Check plugin updater
2026-04-17 23:48:51,569 [INFO] PluginManage:359 - Loaded plugin updater (category:base,tabindex:12)
2026-04-17 23:48:51,569 [INFO] PluginManage:310 - Check plugin userauth
2026-04-17 23:48:51,573 [INFO] UserAuth:118 - Init User Auth plugin
2026-04-17 23:48:51,574 [INFO] PluginManage:359 - Loaded plugin userauth (category:base,tabindex:14)
2026-04-17 23:48:51,574 [INFO] PluginManage:283 - PluginManage : Loaded plugins [18]
2026-04-17 23:48:51,710 [INFO] PinOutPanel:1589 - setPackage(No Configuration,No Configuration)
2026-04-17 23:48:51,761 [INFO] CADModel:165 - CPN selected for project level
2026-04-17 23:48:51,762 [INFO] CADModel:114 - Register for checkConnection events
2026-04-17 23:48:51,767 [INFO] IPUIPlugin:80 - create IPUIPlugin
2026-04-17 23:48:51,768 [INFO] PluginManager:220 - loadIPPluginJar : add nvic
2026-04-17 23:48:51,772 [INFO] IPUIPlugin:80 - create IPUIPlugin
2026-04-17 23:48:51,773 [INFO] PluginManager:220 - loadIPPluginJar : add linkedlist
2026-04-17 23:48:51,774 [INFO] IPUIPlugin:80 - create IPUIPlugin
2026-04-17 23:48:51,775 [INFO] PluginManager:220 - loadIPPluginJar : add radio
2026-04-17 23:48:51,776 [INFO] IPUIPlugin:80 - create IPUIPlugin
2026-04-17 23:48:51,777 [INFO] PluginManager:220 - loadIPPluginJar : add ts
2026-04-17 23:48:51,779 [INFO] IPUIPlugin:80 - create IPUIPlugin
2026-04-17 23:48:51,779 [INFO] PluginManager:220 - loadIPPluginJar : add i2s
2026-04-17 23:48:51,780 [INFO] IPUIPlugin:80 - create IPUIPlugin
2026-04-17 23:48:51,781 [INFO] PluginManager:220 - loadIPPluginJar : add spi
2026-04-17 23:48:51,782 [INFO] IPUIPlugin:80 - create IPUIPlugin
2026-04-17 23:48:51,782 [INFO] PluginManager:220 - loadIPPluginJar : add aes
2026-04-17 23:48:51,784 [INFO] IPUIPlugin:80 - create IPUIPlugin
2026-04-17 23:48:51,784 [INFO] PluginManager:220 - loadIPPluginJar : add openamp
2026-04-17 23:48:51,786 [INFO] IPUIPlugin:80 - create IPUIPlugin
2026-04-17 23:48:51,786 [INFO] PluginManager:220 - loadIPPluginJar : add can
2026-04-17 23:48:51,789 [INFO] IPUIPlugin:80 - create IPUIPlugin
2026-04-17 23:48:51,791 [INFO] PluginManager:220 - loadIPPluginJar : add plateformsettings
2026-04-17 23:48:51,792 [INFO] IPUIPlugin:80 - create IPUIPlugin
2026-04-17 23:48:51,792 [INFO] PluginManager:220 - loadIPPluginJar : add tsc
2026-04-17 23:48:51,793 [INFO] IPUIPlugin:80 - create IPUIPlugin
2026-04-17 23:48:51,793 [INFO] PluginManager:220 - loadIPPluginJar : add comp
2026-04-17 23:48:51,794 [INFO] IPUIPlugin:80 - create IPUIPlugin
2026-04-17 23:48:51,795 [INFO] PluginManager:220 - loadIPPluginJar : add ltdc
2026-04-17 23:48:51,797 [INFO] IPUIPlugin:80 - create IPUIPlugin
2026-04-17 23:48:51,798 [INFO] PluginManager:220 - loadIPPluginJar : add freertos
2026-04-17 23:48:51,799 [INFO] IPUIPlugin:80 - create IPUIPlugin
2026-04-17 23:48:51,799 [INFO] PluginManager:220 - loadIPPluginJar : add dfsdm
2026-04-17 23:48:51,801 [INFO] IPUIPlugin:80 - create IPUIPlugin
2026-04-17 23:48:51,801 [INFO] PluginManager:220 - loadIPPluginJar : add ipddr
2026-04-17 23:48:51,804 [INFO] IPUIPlugin:80 - create IPUIPlugin
2026-04-17 23:48:51,804 [INFO] PluginManager:220 - loadIPPluginJar : add opamp
2026-04-17 23:48:51,805 [INFO] IPUIPlugin:80 - create IPUIPlugin
2026-04-17 23:48:51,806 [INFO] PluginManager:220 - loadIPPluginJar : add pdm2pcm
2026-04-17 23:48:51,807 [INFO] IPUIPlugin:80 - create IPUIPlugin
2026-04-17 23:48:51,807 [INFO] PluginManager:220 - loadIPPluginJar : add i2c
2026-04-17 23:48:51,808 [INFO] IPUIPlugin:80 - create IPUIPlugin
2026-04-17 23:48:51,809 [INFO] PluginManager:220 - loadIPPluginJar : add gfxmmu
2026-04-17 23:48:51,810 [INFO] IPUIPlugin:80 - create IPUIPlugin
2026-04-17 23:48:51,810 [INFO] PluginManager:220 - loadIPPluginJar : add usart
2026-04-17 23:48:51,811 [INFO] IPUIPlugin:80 - create IPUIPlugin
2026-04-17 23:48:51,812 [INFO] PluginManager:220 - loadIPPluginJar : add ucpd
2026-04-17 23:48:51,813 [INFO] IPUIPlugin:80 - create IPUIPlugin
2026-04-17 23:48:51,814 [INFO] PluginManager:220 - loadIPPluginJar : add resmgrutility
2026-04-17 23:48:51,815 [INFO] IPUIPlugin:80 - create IPUIPlugin
2026-04-17 23:48:51,815 [INFO] PluginManager:220 - loadIPPluginJar : add hash
2026-04-17 23:48:51,817 [INFO] IPUIPlugin:80 - create IPUIPlugin
2026-04-17 23:48:51,817 [INFO] PluginManager:220 - loadIPPluginJar : add dma3
2026-04-17 23:48:51,818 [INFO] IPUIPlugin:80 - create IPUIPlugin
2026-04-17 23:48:51,818 [INFO] PluginManager:220 - loadIPPluginJar : add tracer_emb
2026-04-17 23:48:51,819 [INFO] IPUIPlugin:80 - create IPUIPlugin
2026-04-17 23:48:51,819 [INFO] PluginManager:220 - loadIPPluginJar : add fatfs
2026-04-17 23:48:51,821 [INFO] IPUIPlugin:80 - create IPUIPlugin
2026-04-17 23:48:51,821 [INFO] PluginManager:220 - loadIPPluginJar : add gtzc
2026-04-17 23:48:51,822 [INFO] IPUIPlugin:80 - create IPUIPlugin
2026-04-17 23:48:51,822 [INFO] PluginManager:220 - loadIPPluginJar : add tim
2026-04-17 23:48:51,824 [INFO] IPUIPlugin:80 - create IPUIPlugin
2026-04-17 23:48:51,824 [INFO] PluginManager:220 - loadIPPluginJar : add sai
2026-04-17 23:48:51,828 [INFO] IPUIPlugin:80 - create IPUIPlugin
2026-04-17 23:48:51,828 [INFO] PluginManager:220 - loadIPPluginJar : add adc
2026-04-17 23:48:51,831 [INFO] IPUIPlugin:80 - create IPUIPlugin
2026-04-17 23:48:51,832 [INFO] PluginManager:220 - loadIPPluginJar : add mdma
2026-04-17 23:48:51,832 [INFO] IPUIPlugin:80 - create IPUIPlugin
2026-04-17 23:48:51,833 [INFO] PluginManager:220 - loadIPPluginJar : add quadspi
2026-04-17 23:48:51,834 [INFO] IPUIPlugin:80 - create IPUIPlugin
2026-04-17 23:48:51,834 [INFO] PluginManager:220 - loadIPPluginJar : add ddr_ctrl_phy
2026-04-17 23:48:51,836 [INFO] IPUIPlugin:80 - create IPUIPlugin
2026-04-17 23:48:51,836 [INFO] PluginManager:220 - loadIPPluginJar : add extmemmanager
2026-04-17 23:48:51,839 [INFO] IPUIPlugin:80 - create IPUIPlugin
2026-04-17 23:48:51,839 [INFO] PluginManager:220 - loadIPPluginJar : add fmc
2026-04-17 23:48:51,840 [INFO] IPUIPlugin:80 - create IPUIPlugin
2026-04-17 23:48:51,841 [INFO] PluginManager:220 - loadIPPluginJar : add cryp
2026-04-17 23:48:51,844 [INFO] IPUIPlugin:80 - create IPUIPlugin
2026-04-17 23:48:51,844 [INFO] PluginManager:220 - loadIPPluginJar : add dma
2026-04-17 23:48:51,846 [INFO] IPUIPlugin:80 - create IPUIPlugin
2026-04-17 23:48:51,846 [INFO] PluginManager:220 - loadIPPluginJar : add i3c
2026-04-17 23:48:51,849 [INFO] IPUIPlugin:80 - create IPUIPlugin
2026-04-17 23:48:51,850 [INFO] PluginManager:220 - loadIPPluginJar : add stm32_wpan
2026-04-17 23:48:51,850 [INFO] IPUIPlugin:80 - create IPUIPlugin
2026-04-17 23:48:51,851 [INFO] PluginManager:220 - loadIPPluginJar : add genericplugin
2026-04-17 23:48:51,852 [INFO] IPUIPlugin:80 - create IPUIPlugin
2026-04-17 23:48:51,852 [INFO] PluginManager:220 - loadIPPluginJar : add lorawan
2026-04-17 23:48:51,854 [INFO] IPUIPlugin:80 - create IPUIPlugin
2026-04-17 23:48:51,854 [INFO] PluginManager:220 - loadIPPluginJar : add touchsensing
2026-04-17 23:48:51,856 [INFO] IPUIPlugin:80 - create IPUIPlugin
2026-04-17 23:48:51,857 [INFO] PluginManager:220 - loadIPPluginJar : add gpio
2026-04-17 23:48:51,858 [INFO] IPUIPlugin:80 - create IPUIPlugin
2026-04-17 23:48:51,858 [INFO] PluginManager:220 - loadIPPluginJar : add usbx
2026-04-17 23:48:51,861 [INFO] IPUIPlugin:80 - create IPUIPlugin
2026-04-17 23:48:51,861 [INFO] PluginManager:220 - loadIPPluginJar : add gic
2026-04-17 23:48:51,958 [FATAL] Updater:351 - Updater called before beeing initialized
2026-04-17 23:48:51,979 [INFO] RulesReader:64 - Compatibility file has been processed (317 Rules)
2026-04-17 23:48:51,989 [INFO] RulesReader:64 - Compatibility file has been processed (317 Rules)
2026-04-17 23:48:51,996 [INFO] CADModel:165 - CPN selected for project level
2026-04-17 23:48:51,996 [INFO] CADModel:114 - Register for checkConnection events
2026-04-17 23:48:51,997 [FATAL] Updater:351 - Updater called before beeing initialized
2026-04-17 23:48:51,997 [ERROR] CADModel:125 - Updater not yet initialized, retry later 
2026-04-17 23:48:52,083 [FATAL] Updater:351 - Updater called before beeing initialized
2026-04-17 23:48:52,085 [INFO] CADModel:165 - CPN selected for project level
2026-04-17 23:48:52,085 [INFO] CADModel:114 - Register for checkConnection events
2026-04-17 23:48:52,085 [FATAL] Updater:351 - Updater called before beeing initialized
2026-04-17 23:48:52,085 [ERROR] CADModel:125 - Updater not yet initialized, retry later 
2026-04-17 23:48:52,087 [FATAL] Updater:351 - Updater called before beeing initialized
2026-04-17 23:48:52,157 [FATAL] Updater:351 - Updater called before beeing initialized
2026-04-17 23:48:52,160 [INFO] DbMcusAds:53 - JSON generation date=Thu Mar 05 20:02:52 IST 2026 (1772721172610)
2026-04-17 23:48:52,161 [FATAL] Updater:351 - Updater called before beeing initialized
2026-04-17 23:48:52,186 [WARN] DetailPanel:346 - Failed to get advertising image, set to default
2026-04-17 23:48:52,251 [FATAL] Updater:351 - Updater called before beeing initialized
2026-04-17 23:48:52,253 [FATAL] Updater:351 - Updater called before beeing initialized
2026-04-17 23:48:52,253 [FATAL] Updater:351 - Updater called before beeing initialized
2026-04-17 23:48:52,253 [WARN] DetailPanel:346 - Failed to get advertising image, set to default
2026-04-17 23:48:52,254 [FATAL] Updater:351 - Updater called before beeing initialized
2026-04-17 23:48:52,280 [ERROR] Updater:1198 - MainUpdater not yet initialized. External WinMGr cannot be set.
2026-04-17 23:48:52,281 [INFO] Updater:1134 - Updater Version found : 6.15.0
2026-04-17 23:48:52,291 [INFO] ApplicationProperties:184 - Using Application install path: /home/anbu/st/stm32cubeide_1.19.0/plugins/com.st.stm32cube.common.mx_6.15.0.202507011659
2026-04-17 23:48:52,692 [INFO] MainUpdater:2872 - connection check result : 10
2026-04-17 23:48:52,692 [INFO] MainUpdater:3604 - Updater definition file requires update
2026-04-17 23:48:52,693 [INFO] MainUpdater:289 - Updater Check For Update Now.
2026-04-17 23:48:52,693 [INFO] MicroXplorer:498 - Change Database Version : DB.6.0.150
2026-04-17 23:48:52,696 [INFO] McuFinderGlobals:63 - Set McuFinder mode to 2 (CubeIDE integrated)
2026-04-17 23:48:52,697 [INFO] UserAuth:487 - Internet connection configuration mode: 1
2026-04-17 23:48:52,703 [INFO] JxBrowserEngine:152 - Initiate JxBrowser Engine with user profile folder
2026-04-17 23:48:52,836 [INFO] ServerAccessManage:452 - Complete download http(s) 200
2026-04-17 23:48:52,837 [INFO] ServerAccessManage:509 - Download File updaters.zip
2026-04-17 23:48:53,102 [INFO] FileExtend:248 - Unzip File : updaters.zip
2026-04-17 23:48:53,103 [INFO] FileExtend:263 - Standard Zip Deflate
2026-04-17 23:48:53,272 [INFO] WebApp:169 - Instantiating new browser for Auth
2026-04-17 23:48:53,357 [INFO] ServerAccessManage:452 - Complete download http(s) 200
2026-04-17 23:48:53,357 [INFO] ServerAccessManage:509 - Download File PacksControlFlags.xml
2026-04-17 23:48:53,509 [INFO] ServerAccessManage:452 - Complete download http(s) 200
2026-04-17 23:48:53,510 [INFO] ServerAccessManage:509 - Download File cubemx.pidx
2026-04-17 23:48:53,629 [INFO] LoadServerUpdatesThread:375 - End of LoadServerUpdate Thread
2026-04-17 23:48:53,815 [INFO] CheckServerUpdateThread:120 - End of CheckServer Thread
2026-04-17 23:48:54,035 [INFO] WebApp:463 - Apply proxy settings
2026-04-17 23:48:54,035 [INFO] WebApp:548 - Chromium requires no authentication
2026-04-17 23:48:54,041 [INFO] WebApp:491 - Direct internet connection detected
2026-04-17 23:48:54,057 [INFO] WebApp:900 - Register for checkConnection events
2026-04-17 23:48:54,057 [INFO] WebApp:463 - Apply proxy settings
2026-04-17 23:48:54,057 [INFO] WebApp:548 - Chromium requires no authentication
2026-04-17 23:48:54,058 [INFO] WebApp:491 - Direct internet connection detected
2026-04-17 23:48:54,170 [INFO] WebApp:225 - Starting web application
2026-04-17 23:48:54,170 [INFO] WebApp:593 - Web application path used /home/anbu/st/stm32cubeide_1.19.0/plugins/com.st.stm32cube.common.mx_6.15.0.202507011659/db/plugins/mcufinder/reactClient1/index.html
2026-04-17 23:48:54,496 [WARN] PackLoader:240 - Cannot read IP mode file for STMicroelectronics.FP-ATR-ASTRA1.2.0.2
2026-04-17 23:48:54,509 [WARN] PackLoader:240 - Cannot read IP mode file for STMicroelectronics.X-CUBE-DISPLAY.3.0.0
2026-04-17 23:48:54,521 [WARN] PackLoader:240 - Cannot read IP mode file for STMicroelectronics.FP-SNS-SMARTAG2.1.2.0
2026-04-17 23:48:54,526 [WARN] PackLoader:240 - Cannot read IP mode file for STMicroelectronics.FP-SNS-FLIGHT1.5.1.0
2026-04-17 23:48:54,533 [WARN] PackLoader:240 - Cannot read IP mode file for STMicroelectronics.X-CUBE-BLE2.3.3.0
2026-04-17 23:48:54,539 [WARN] PackLoader:240 - Cannot read IP mode file for STMicroelectronics.X-CUBE-BLE1.7.1.0
2026-04-17 23:48:54,543 [WARN] PackLoader:240 - Cannot read IP mode file for STMicroelectronics.FP-ATR-SIGFOX1.3.2.0
2026-04-17 23:48:54,549 [WARN] PackLoader:240 - Cannot read IP mode file for STMicroelectronics.X-CUBE-ALS.1.0.2
2026-04-17 23:48:54,551 [INFO] ThirdParty:978 - Integrity check success = true
2026-04-17 23:48:54,551 [INFO] IntegrityCheckThread:100 - exiting critical section [integrity check]
2026-04-17 23:48:54,551 [INFO] IntegrityCheckThread:103 - End integrity checks thread
2026-04-17 23:48:55,261 [INFO] WebApp:191 - Connection restablished
2026-04-17 23:48:55,493 [INFO] UserAuth:487 - Internet connection configuration mode: 1
2026-04-17 23:50:04,859 [INFO] McuFinderGlobals:63 - Set McuFinder mode to 2 (CubeIDE integrated)
2026-04-17 23:50:04,863 [INFO] MainUpdater:2872 - connection check result : 10
2026-04-17 23:50:04,865 [INFO] McuFinderGlobals:76 - Set McuFinderConnectedMode to true
2026-04-17 23:50:05,787 [INFO] ServerAccessManage:452 - Complete download http(s) 200
2026-04-17 23:50:05,788 [INFO] ServerAccessManage:509 - Download File mcusAds.json._tmp_
2026-04-17 23:50:05,893 [INFO] LoadUrlFilesThread:156 - End of LoadUrlFiles Thread
2026-04-17 23:50:08,221 [INFO] ServerAccessManage:452 - Complete download http(s) 200
2026-04-17 23:50:08,222 [INFO] ServerAccessManage:509 - Download File cube-finder-db.zip
2026-04-17 23:50:45,600 [INFO] FileExtend:248 - Unzip File : cube-finder-db.zip
2026-04-17 23:50:45,601 [INFO] FileExtend:263 - Standard Zip Deflate
2026-04-17 23:50:46,633 [INFO] LoadUrlFilesThread:156 - End of LoadUrlFiles Thread
2026-04-17 23:50:50,703 [INFO] ServerAccessManage:452 - Complete download http(s) 200
2026-04-17 23:50:50,704 [INFO] ServerAccessManage:509 - Download File crdb.zip
2026-04-17 23:50:52,918 [INFO] FileExtend:248 - Unzip File : crdb.zip
2026-04-17 23:50:52,919 [INFO] FileExtend:263 - Standard Zip Deflate
2026-04-17 23:50:53,058 [INFO] LoadUrlFilesThread:156 - End of LoadUrlFiles Thread
2026-04-17 23:50:53,308 [INFO] ServerAccessManage:452 - Complete download http(s) 200
2026-04-17 23:50:53,310 [INFO] ServerAccessManage:509 - Download File tutoVideoDB.zip
2026-04-17 23:50:53,408 [INFO] FileExtend:248 - Unzip File : tutoVideoDB.zip
2026-04-17 23:50:53,410 [INFO] FileExtend:263 - Standard Zip Deflate
2026-04-17 23:50:53,517 [INFO] LoadUrlFilesThread:156 - End of LoadUrlFiles Thread
2026-04-17 23:50:53,520 [WARN] DbFile:41 - Overriding database path with different value: /home/anbu/.stmcufinder/plugins/mcufinder/ => /home/anbu/.stmcufinder/plugins/mcufinder
2026-04-17 23:50:53,730 [INFO] ServerAccessManage:452 - Complete download http(s) 200
2026-04-17 23:50:53,730 [INFO] ServerAccessManage:509 - Download File api_config.json
2026-04-17 23:50:53,834 [INFO] LoadUrlFilesThread:156 - End of LoadUrlFiles Thread
2026-04-17 23:50:53,836 [INFO] DbMcusAds:53 - JSON generation date=Fri Apr 10 14:49:02 IST 2026 (1775812742310)
2026-04-17 23:50:54,147 [INFO] ServerAccessManage:452 - Complete download http(s) 200
2026-04-17 23:50:54,148 [INFO] ServerAccessManage:509 - Download File 
2026-04-17 23:50:54,250 [INFO] LoadUrlFilesThread:185 - End of LoadServerUrlFiles without Thread
2026-04-17 23:50:54,251 [INFO] TargetSelectorAdapter:259 - Refresh data is successful
2026-04-17 23:50:54,465 [INFO] ApiDb:581 - Connected to CubeFinder SQLite database (/home/anbu/.stmcufinder/plugins/mcufinder/mcu/cube-finder-db.db)
2026-04-17 23:50:54,594 [INFO] ApiDb:668 - CubeFinder database Data Model version=2.1
2026-04-17 23:50:54,594 [INFO] ApiDb:669 - CubeFinder database Configuration version=3.0.42
2026-04-17 23:50:54,595 [INFO] ApiDb:670 - CubeFinder database generation date=2026-03-11 (1773229989)
2026-04-17 23:50:54,596 [INFO] ApiDb:671 - CubeFinder database FW Pack versions=[FP-ATR-ASTRA1_V2.0.0, FP-SNS-FLIGHT1_V5.1.0, FP-SNS-MOTENV1_V5.1.0, FP-SNS-MOTENVWB1_V1.5.0, FP-SNS-SMARTAG2_V1.2.0, FP-SNS-STBOX1_V2.1.0, STM32Cube_FW_C0_V1.4.0, STM32Cube_FW_F4_V1.28.3, STM32Cube_FW_F7_V1.17.4, STM32Cube_FW_G0_V1.6.3, STM32Cube_FW_G4_V1.6.2, STM32Cube_FW_H5_V1.6.0, STM32Cube_FW_H7RS_V1.3.0, STM32Cube_FW_H7_V1.13.0, STM32Cube_FW_L0_V1.12.2, STM32Cube_FW_L4_V1.18.2, STM32Cube_FW_L5_V1.6.0, STM32Cube_FW_N6_V1.3.0, STM32Cube_FW_U0_V1.3.0, STM32Cube_FW_U3_V1.3.0, STM32Cube_FW_U5_V1.8.0, STM32Cube_FW_WB0_V1.4.0, STM32Cube_FW_WBA_V1.9.0, STM32Cube_FW_WB_V1.24.0, STM32Cube_FW_WL3_V1.4.0, STM32Cube_FW_WL_V1.5.0, X-CUBE-ALGOBUILD_V1.4.0, X-CUBE-ALS_V1.0.2, X-CUBE-AZRTOS-F4_V1.1.0, X-CUBE-AZRTOS-F7_V1.1.0, X-CUBE-AZRTOS-G0_V1.1.0, X-CUBE-AZRTOS-G4_V2.0.0, X-CUBE-AZRTOS-H7RS_V1.1.0, X-CUBE-AZRTOS-H7_V3.4.0, X-CUBE-AZRTOS-L4_V2.0.0, X-CUBE-AZRTOS-L5_V2.0.0, X-CUBE-AZRTOS-WB_V2.0.0, X-CUBE-AZRTOS-WL_V2.0.0, X-CUBE-BLE1_V7.1.0, X-CUBE-BLE2_V3.3.0, X-CUBE-BLEMGR_V4.1.0, X-CUBE-EEPRMA1_V5.2.0, X-CUBE-FREERTOS_V1.5.0, X-CUBE-GNSS1_V6.0.0, X-CUBE-MEMS1_V12.0.0, X-CUBE-NFC4_V3.0.0, X-CUBE-NFC7_V2.0.0, X-CUBE-SFXS2LP1_V4.0.0, X-CUBE-ST67W61_V1.2.0, X-CUBE-SUBG2_V5.0.0, X-CUBE-TOF1_V3.4.3]
2026-04-17 23:50:59,982 [INFO] ApiDb:240 - Found 880 in-development CPN: [B-G473E-ZEST1S, B-WB1M-WPAN1, B-WBA5M-WPAN, B-WL5M-SUBG1, NUCLEO-C031C6, NUCLEO-C051C8, NUCLEO-C071RB, NUCLEO-C092RC, NUCLEO-H503RB, NUCLEO-H533RE, NUCLEO-H563ZI, NUCLEO-H7S3L8, NUCLEO-N657X0-Q, NUCLEO-U031R8, NUCLEO-U083RC, NUCLEO-U385RG-Q, NUCLEO-U545RE-Q, NUCLEO-U5A5ZJ-Q, NUCLEO-WB05KZ, NUCLEO-WB07CC, NUCLEO-WB09KE, NUCLEO-WBA52CG, NUCLEO-WBA55CG, NUCLEO-WL33CC1, NUCLEO-WL33CC2, STEVAL-PROTEUS1, STEVAL-SMARTAG2, STEVAL-STWINBX1, STM320518-EVAL, STM32C0116-DK, STM32C011D6Y3TR, STM32C011D6Y6TR, STM32C011F4P3, STM32C011F4P6, STM32C011F4U3, STM32C011F4U6TR, STM32C011F6P3, STM32C011F6P6, STM32C011F6U3, STM32C011F6U6TR, STM32C011J4M3, STM32C011J4M6, STM32C011J6M3, STM32C011J6M6, STM32C0316-DK, STM32C031C4T3, STM32C031C4T6, STM32C031C4U3, STM32C031C4U6, STM32C031C6T3, STM32C031C6T6, STM32C031C6U3, STM32C031C6U6, STM32C031F4P3, STM32C031F4P6, STM32C031F6P3, STM32C031F6P6, STM32C031G4U3, STM32C031G4U6, STM32C031G6U3, STM32C031G6U6, STM32C031K4T3, STM32C031K4T6, STM32C031K4U3, STM32C031K4U6, STM32C031K6T3, STM32C031K6T6, STM32C031K6U3, STM32C031K6U6, STM32C051C6T6, STM32C051C6U6, STM32C051C8T6, STM32C051C8U6, STM32C051D8Y6TR, STM32C051F6P6, STM32C051F8P6, STM32C051G6U6, STM32C051G8U6, STM32C051K6T6, STM32C051K6U6, STM32C051K8T6, STM32C071C8T6, STM32C071C8T6N, STM32C071C8U6, STM32C071C8U6N, STM32C071CBT6, STM32C071CBT6N, STM32C071CBU6, STM32C071CBU6N, STM32C071F8P6, STM32C071F8P6N, STM32C071FBP6, STM32C071FBP6N, STM32C071FBY6TR, STM32C071G8U6, STM32C071G8U6N, STM32C071GBU6, STM32C071GBU6N, STM32C071K8T6, STM32C071K8T6N, STM32C071K8U6, STM32C071K8U6N, STM32C071KBT6, STM32C071KBT6N, STM32C071KBU6, STM32C071KBU6N, STM32C071R8T6, STM32C071R8T6N, STM32C071RBI6N, STM32C071RBT6, STM32C071RBT6N, STM32C091CBT6, STM32C091CBU6, STM32C091CCT6, STM32C091CCU6, STM32C091ECY6TR, STM32C091FBP6, STM32C091FCP6, STM32C091GBU6, STM32C091GCU6, STM32C091KBT6, STM32C091KBU6, STM32C091KCT6, STM32C091KCU6, STM32C091RBT6, STM32C091RCI6, STM32C091RCT6, STM32C092CBT6, STM32C092CBU6, STM32C092CCT6, STM32C092CCU6, STM32C092ECY6TR, STM32C092FBP6, STM32C092FCP6, STM32C092GBU6, STM32C092GCU6, STM32C092KBT6, STM32C092KBU6, STM32C092KCT6, STM32C092KCU6, STM32C092RBT6, STM32C092RCI6, STM32C092RCT6, STM32G071K8TXN, STM32G071K8UXN, STM32G081GBU6N, STM32G081KBT6N, STM32G081KBUXN, STM32G0B1CCT6N, STM32G0B1KCT6, STM32G0B1NEY6TR, STM32G0B1RCT6N, STM32G0C1CCT6, STM32G0C1CCT6N, STM32G0C1CCU6N, STM32G0C1CET6N, STM32G0C1CEU6N, STM32G0C1KCT6, STM32G0C1NEY6TR, STM32G0C1RCI6N, STM32G0C1RCT6N, STM32G0C1REI6N, STM32G0C1RET6N, STM32G0C1VCI6, STM32G0C1VEI6, STM32G411C6T3, STM32G411C6T6, STM32G411C6U3, STM32G411C6U6, STM32G411C8T3, STM32G411C8T6, STM32G411C8U3, STM32G411C8U6, STM32G411CBT3, STM32G411CBT6, STM32G411CBU3, STM32G411CBU6, STM32G411K6T3, STM32G411K6T6, STM32G411K6U3, STM32G411K6U6, STM32G411K8T3, STM32G411K8T6, STM32G411K8U3, STM32G411K8U6, STM32G411KBT3, STM32G411KBT6, STM32G411KBU3, STM32G411KBU6, STM32G411M6T3, STM32G411M6T6, STM32G411M8T3, STM32G411M8T6, STM32G411MBT3, STM32G411MBT6, STM32G411R6T3, STM32G411R6T6, STM32G411R8T3, STM32G411R8T6, STM32G411RBT3, STM32G411RBT6, STM32G414CBT3, STM32G414CBT6, STM32G414CBU3, STM32G414CBU6, STM32G414CCT3, STM32G414CCT6, STM32G414CCU3, STM32G414CCU6, STM32G414MBT3, STM32G414MBT6, STM32G414MCT3, STM32G414MCT6, STM32G414RBT3, STM32G414RBT6, STM32G414RCT3, STM32G414RCT6, STM32G414VBT3, STM32G414VBT6, STM32G414VCT3, STM32G414VCT6, STM32G431CBT3Z, STM32G431RBT3Z, STM32G471CCT6, STM32G471CCU6, STM32G471CET3, STM32G471CET6, STM32G471CEU3, STM32G471CEU6, STM32G471MCT6, STM32G471MET3, STM32G471MET6, STM32G471MEY6TR, STM32G471QCT6, STM32G471QET3, STM32G471RCT6, STM32G471RET3, STM32G471RET6, STM32G471VCH6, STM32G471VCI6, STM32G471VCT6, STM32G471VEH3, STM32G471VEH6, STM32G471VEI3, STM32G471VEI6, STM32G471VET3, STM32G471VET6, STM32G473QET3Z, STM32G473RET3Z, STM32G474CCT6, STM32G491RET3Z, STM32H503CBT6, STM32H503CBU6, STM32H503EBY6TR, STM32H503KBU6, STM32H503RBT6, STM32H523CCT6, STM32H523CCU6, STM32H523CET6, STM32H523CEU6, STM32H523HEY6TR, STM32H523RCT6, STM32H523RET6, STM32H523VCI6, STM32H523VCT6, STM32H523VEI6, STM32H523VET6, STM32H523ZCJ6, STM32H523ZCT6, STM32H523ZEJ6, STM32H523ZET6, STM32H533CET6, STM32H533CEU6, STM32H533HEY6TR, STM32H533RET6, STM32H533VEI6, STM32H533VET6, STM32H533ZEJ6, STM32H533ZET6, STM32H562AGI6, STM32H562AII6, STM32H562IGK6, STM32H562IGT6, STM32H562IIK6, STM32H562IIT6, STM32H562RGT6, STM32H562RGV6, STM32H562RIT6, STM32H562RIV6, STM32H562VGT6, STM32H562VIT6, STM32H562ZGT6, STM32H562ZIT6, STM32H563AGI6, STM32H563AII3Q, STM32H563AII6, STM32H563IGK6, STM32H563IGT6, STM32H563IIK3Q, STM32H563IIK6, STM32H563IIT3Q, STM32H563IIT6, STM32H563MIY3QTR, STM32H563RGT6, STM32H563RGV6, STM32H563RIT6, STM32H563RIV6, STM32H563VGT6, STM32H563VIT3Q, STM32H563VIT6, STM32H563ZGT6, STM32H563ZIT3Q, STM32H563ZIT6, STM32H573AII3Q, STM32H573AII6, STM32H573I-DK, STM32H573IIK3Q, STM32H573IIK6, STM32H573IIT3Q, STM32H573IIT6, STM32H573MIY3QTR, STM32H573RIT6, STM32H573RIV6, STM32H573VIT3Q, STM32H573VIT6, STM32H573ZIT3Q, STM32H573ZIT6, STM32H7R3A8I6, STM32H7R3I8K6, STM32H7R3I8T6, STM32H7R3L8H6, STM32H7R3L8H6H, STM32H7R3R8V6, STM32H7R3V8H6, STM32H7R3V8T6, STM32H7R3V8Y6TR, STM32H7R3Z8J6, STM32H7R3Z8T6, STM32H7R7A8I6, STM32H7R7I8K6, STM32H7R7I8T6, STM32H7R7L8H6, STM32H7R7L8H6H, STM32H7R7Z8J6, STM32H7S3A8I6, STM32H7S3I8K6, STM32H7S3I8T6, STM32H7S3L8H6, STM32H7S3L8H6H, STM32H7S3R8V6, STM32H7S3V8H6, STM32H7S3V8T6, STM32H7S3V8Y6TR, STM32H7S3Z8J6, STM32H7S3Z8T6, STM32H7S78-DK, STM32H7S7A8I6, STM32H7S7I8K6, STM32H7S7I8T6, STM32H7S7L8H6, STM32H7S7L8H6H, STM32H7S7Z8J6, STM32L4R5QGI6STR, STM32MP131AAE3, STM32MP131AAF3, STM32MP131AAG3, STM32MP131CAE3, STM32MP131CAF3, STM32MP131CAG3, STM32MP131DAE7, STM32MP131DAF7, STM32MP131DAG7, STM32MP131FAE7, STM32MP131FAF7, STM32MP131FAG7, STM32MP133AAE3, STM32MP133AAF3, STM32MP133AAG3, STM32MP133CAE3, STM32MP133CAF3, STM32MP133CAG3, STM32MP133DAE7, STM32MP133DAF7, STM32MP133DAG7, STM32MP133FAE7, STM32MP133FAF7, STM32MP133FAG7, STM32MP135AAE3, STM32MP135AAF3, STM32MP135AAG3, STM32MP135CAE3, STM32MP135CAF3, STM32MP135CAG3, STM32MP135DAE7, STM32MP135DAF7, STM32MP135DAG7, STM32MP135F-DK, STM32MP135FAE7, STM32MP135FAF7, STM32MP135FAF7T, STM32MP135FAF7U, STM32MP135FAG7, STM32MP211AAL3, STM32MP211AAM3, STM32MP211AAN3, STM32MP211AAO3, STM32MP211CAL3, STM32MP211CAM3, STM32MP211CAN3, STM32MP211CAO3, STM32MP211DAL3, STM32MP211DAM3, STM32MP211DAN3, STM32MP211DAO3, STM32MP211FAL3, STM32MP211FAM3, STM32MP211FAN3, STM32MP211FAO3, STM32MP213AAL3, STM32MP213AAM3, STM32MP213AAN3, STM32MP213AAO3, STM32MP213CAL3, STM32MP213CAM3, STM32MP213CAN3, STM32MP213CAO3, STM32MP213DAL3, STM32MP213DAM3, STM32MP213DAN3, STM32MP213DAO3, STM32MP213FAL3, STM32MP213FAM3, STM32MP213FAN3, STM32MP213FAO3, STM32MP215AAL3, STM32MP215AAM3, STM32MP215AAN3, STM32MP215AAO3, STM32MP215CAL3, STM32MP215CAM3, STM32MP215CAN3, STM32MP215CAO3, STM32MP215DAL3, STM32MP215DAM3, STM32MP215DAN3, STM32MP215DAO3, STM32MP215F-DK, STM32MP215FAL3, STM32MP215FAM3, STM32MP215FAN3, STM32MP215FAO3, STM32MP231AAJ3, STM32MP231AAK3, STM32MP231AAL3, STM32MP231CAJ3, STM32MP231CAK3, STM32MP231CAL3, STM32MP231DAJ3, STM32MP231DAK3, STM32MP231DAL3, STM32MP231FAJ3, STM32MP231FAK3, STM32MP231FAL3, STM32MP233AAJ3, STM32MP233AAK3, STM32MP233AAL3, STM32MP233CAJ3, STM32MP233CAK3, STM32MP233CAL3, STM32MP233DAJ3, STM32MP233DAK3, STM32MP233DAL3, STM32MP233FAJ3, STM32MP233FAK3, STM32MP233FAL3, STM32MP235AAJ3, STM32MP235AAK3, STM32MP235AAL3, STM32MP235CAJ3, STM32MP235CAK3, STM32MP235CAL3, STM32MP235DAJ3, STM32MP235DAK3, STM32MP235DAL3, STM32MP235FAJ3, STM32MP235FAK3, STM32MP235FAL3, STM32MP251AAI3, STM32MP251AAK3, STM32MP251AAL3, STM32MP251CAI3, STM32MP251CAK3, STM32MP251CAL3, STM32MP251DAI3, STM32MP251DAK3, STM32MP251DAL3, STM32MP251FAI3, STM32MP251FAK3, STM32MP251FAL3, STM32MP253AAI3, STM32MP253AAK3, STM32MP253AAL3, STM32MP253CAI3, STM32MP253CAK3, STM32MP253CAL3, STM32MP253DAI3, STM32MP253DAK3, STM32MP253DAL3, STM32MP253FAI3, STM32MP253FAK3, STM32MP253FAL3, STM32MP255AAI3, STM32MP255AAK3, STM32MP255AAL3, STM32MP255CAI3, STM32MP255CAK3, STM32MP255CAL3, STM32MP255DAI3, STM32MP255DAK3, STM32MP255DAL3, STM32MP255FAI3, STM32MP255FAK3, STM32MP255FAL3, STM32MP257AAI3, STM32MP257AAK3, STM32MP257AAL3, STM32MP257CAI3, STM32MP257CAK3, STM32MP257CAL3, STM32MP257DAI3, STM32MP257DAK3, STM32MP257DAL3, STM32MP257F-DK, STM32MP257F-EV1, STM32MP257FAI3, STM32MP257FAK3, STM32MP257FAL3, STM32N645A0H3Q, STM32N645B0H3Q, STM32N645I0H3Q, STM32N645L0H3Q, STM32N645X0H3Q, STM32N645Z0H3Q, STM32N647A0H3Q, STM32N647B0H3Q, STM32N647I0H3Q, STM32N647L0H3Q, STM32N647X0H3Q, STM32N647Z0H3Q, STM32N655A0H3Q, STM32N655B0H3Q, STM32N655I0H3Q, STM32N655L0H3Q, STM32N655X0H3Q, STM32N655Z0H3Q, STM32N6570-DK, STM32N657A0H3Q, STM32N657B0H3Q, STM32N657I0H3Q, STM32N657L0H3Q, STM32N657X0H3Q, STM32N657Z0H3Q, STM32U031C6T6, STM32U031C6U6, STM32U031C8T6, STM32U031C8U6, STM32U031F4P6, STM32U031F6P6, STM32U031F8P6, STM32U031G6Y6TR, STM32U031G8Y6TR, STM32U031K4U6, STM32U031K6U6, STM32U031K8U6, STM32U031R6I6, STM32U031R6T6, STM32U031R8I6, STM32U031R8T6, STM32U073C8T6, STM32U073C8U6, STM32U073CBT6, STM32U073CBU6, STM32U073CCT6, STM32U073CCU6, STM32U073H8Y6TR, STM32U073HBY6TR, STM32U073HCY6TR, STM32U073K8U6, STM32U073KBU6, STM32U073KCU6, STM32U073M8I6, STM32U073M8T6, STM32U073MBI6, STM32U073MBT6, STM32U073MCI6, STM32U073MCT6, STM32U073R8I6, STM32U073R8T6, STM32U073RBI6, STM32U073RBT6, STM32U073RCI6, STM32U073RCT6, STM32U083C-DK, STM32U083CCT6, STM32U083CCU6, STM32U083HCY6TR, STM32U083KCU6, STM32U083MCI6, STM32U083MCT6, STM32U083RCI6, STM32U083RCT6, STM32U375CET6, STM32U375CET6Q, STM32U375CEU6, STM32U375CEU6Q, STM32U375CEY6QTR, STM32U375CGT6, STM32U375CGT6Q, STM32U375CGU6, STM32U375CGU6Q, STM32U375CGY6QTR, STM32U375KEU6, STM32U375KGU6, STM32U375REI6, STM32U375REI6Q, STM32U375RET6, STM32U375RET6Q, STM32U375REY6GTR, STM32U375REY6QTR, STM32U375RGI6, STM32U375RGI6Q, STM32U375RGT6, STM32U375RGT6Q, STM32U375RGY6GTR, STM32U375RGY6QTR, STM32U375VEI6, STM32U375VEI6Q, STM32U375VET6, STM32U375VET6Q, STM32U375VGI6, STM32U375VGI6Q, STM32U375VGT6, STM32U375VGT6Q, STM32U385CGT6, STM32U385CGT6Q, STM32U385CGU6, STM32U385CGU6Q, STM32U385CGY6QTR, STM32U385KGU6, STM32U385RGI6, STM32U385RGI6Q, STM32U385RGT6, STM32U385RGT6Q, STM32U385RGY6GTR, STM32U385RGY6QTR, STM32U385VGI6, STM32U385VGI6Q, STM32U385VGT6, STM32U385VGT6Q, STM32U535CBT6, STM32U535CBT6Q, STM32U535CBU6, STM32U535CBU6Q, STM32U535CCT6, STM32U535CCT6Q, STM32U535CCU6, STM32U535CCU6Q, STM32U535CET6, STM32U535CET6Q, STM32U535CEU6, STM32U535CEU6Q, STM32U535JEY6QTR, STM32U535NCY6QTR, STM32U535NEY6QTR, STM32U535RBI6, STM32U535RBI6Q, STM32U535RBT6, STM32U535RBT6Q, STM32U535RCI6, STM32U535RCI6Q, STM32U535RCT6, STM32U535RCT6Q, STM32U535REI6, STM32U535REI6Q, STM32U535RET6, STM32U535RET6Q, STM32U535VCI6, STM32U535VCI6Q, STM32U535VCT6, STM32U535VCT6Q, STM32U535VEI6, STM32U535VEI6Q, STM32U535VET6, STM32U535VET6Q, STM32U545CET6, STM32U545CET6Q, STM32U545CEU6, STM32U545CEU6Q, STM32U545JEY6QTR, STM32U545NEY6QTR, STM32U545REI6, STM32U545REI6Q, STM32U545RET6, STM32U545RET6Q, STM32U545VEI6, STM32U545VEI6Q, STM32U545VET6, STM32U545VET6Q, STM32U595AIH6, STM32U595AIH6Q, STM32U595AJH6, STM32U595AJH6Q, STM32U595QII6, STM32U595QII6Q, STM32U595QJI6, STM32U595QJI6Q, STM32U595RIT6, STM32U595RIT6Q, STM32U595RJT6, STM32U595RJT6Q, STM32U595VIT6, STM32U595VIT6Q, STM32U595VJT6, STM32U595VJT6Q, STM32U595ZIT6, STM32U595ZIT6Q, STM32U595ZIY6QTR, STM32U595ZJT6, STM32U595ZJT6Q, STM32U595ZJY6QTR, STM32U599BJY6QTR, STM32U599NIH6Q, STM32U599NJH6Q, STM32U599VIT6Q, STM32U599VJT6, STM32U599VJT6Q, STM32U599ZIT6Q, STM32U599ZIY6QTR, STM32U599ZJT6Q, STM32U599ZJY6QTR, STM32U5A5AJH6, STM32U5A5AJH6Q, STM32U5A5QII3Q , STM32U5A5QJI6, STM32U5A5QJI6Q, STM32U5A5RJT6, STM32U5A5RJT6Q, STM32U5A5VJT6, STM32U5A5VJT6Q, STM32U5A5ZJT6, STM32U5A5ZJT6Q, STM32U5A5ZJY6QTR, STM32U5A9BJY6QTR, STM32U5A9J-DK, STM32U5A9NJH6Q, STM32U5A9VJT6Q, STM32U5A9ZJT6Q, STM32U5A9ZJY6QTR, STM32U5F7VIT6, STM32U5F7VIT6Q, STM32U5F7VJT6, STM32U5F7VJT6Q, STM32U5F9BJY6QTR, STM32U5F9NJH6Q, STM32U5F9VIT6Q, STM32U5F9VJT6Q, STM32U5F9ZIJ6QTR, STM32U5F9ZIT6Q, STM32U5F9ZJJ6QTR, STM32U5F9ZJT6Q, STM32U5G7VJT6, STM32U5G7VJT6Q, STM32U5G9BJY6QTR, STM32U5G9J-DK1, STM32U5G9J-DK2, STM32U5G9NJH6Q, STM32U5G9VJT6Q, STM32U5G9ZJJ6QTR, STM32U5G9ZJT6Q, STM32WB05KZV6TR, STM32WB05KZV7TR, STM32WB05TZF6TR, STM32WB05TZF7TR, STM32WB06CCF6TR, STM32WB06CCF7TR, STM32WB06CCV6TR, STM32WB06CCV7TR, STM32WB06KCV6TR, STM32WB06KCV7TR, STM32WB07CCF6TR, STM32WB07CCF7TR, STM32WB07CCV6TR, STM32WB07CCV7TR, STM32WB07KCV6TR, STM32WB07KCV7TR, STM32WB09KEV6TR, STM32WB09KEV7TR, STM32WB09TEF6TR, STM32WB09TEF7TR, STM32WB1MMCH6, STM32WBA50KGU6, STM32WBA50KGU6TR, STM32WBA52CEU6, STM32WBA52CEU6TR, STM32WBA52CEU7, STM32WBA52CEU7TR, STM32WBA52CGU6, STM32WBA52CGU6TR, STM32WBA52CGU6U, STM32WBA52CGU7, STM32WBA52CGU7TR, STM32WBA52KEU6, STM32WBA52KEU6TR, STM32WBA52KGU6, STM32WBA52KGU6TR, STM32WBA54CEU6, STM32WBA54CEU6TR, STM32WBA54CEU7, STM32WBA54CEU7TR, STM32WBA54CGU6, STM32WBA54CGU6TR, STM32WBA54CGU7, STM32WBA54CGU7TR, STM32WBA54KEU6, STM32WBA54KEU6TR, STM32WBA54KEU7, STM32WBA54KEU7TR, STM32WBA54KGU6, STM32WBA54KGU6TR, STM32WBA54KGU7, STM32WBA54KGU7TR, STM32WBA55CEU6, STM32WBA55CEU6TR, STM32WBA55CEU7, STM32WBA55CEU7TR, STM32WBA55CGU6, STM32WBA55CGU6TR, STM32WBA55CGU6U, STM32WBA55CGU7, STM32WBA55CGU7TR, STM32WBA55G-DK1, STM32WBA55HEF6, STM32WBA55HEF7, STM32WBA55HGF6, STM32WBA55HGF7, STM32WBA55UEI6, STM32WBA55UEI6TR, STM32WBA55UEI7, STM32WBA55UEI7TR, STM32WBA55UGI6, STM32WBA55UGI6TR, STM32WBA55UGI7, STM32WBA55UGI7TR, STM32WBA5MMGH6TR, STM32WBA62MGF6, STM32WBA62MIF6, STM32WBA65MGF7, STM32WBA65MIF6, STM32WBA65MIF7, STM32WL30K8V6, STM32WL30KBV6, STM32WL31C8V6, STM32WL31CBV6, STM32WL31K8V6, STM32WL31KBV6, STM32WL33C8V6, STM32WL33C8V6X, STM32WL33CBV6, STM32WL33CBV6X, STM32WL33CCV6, STM32WL33CCV6A, STM32WL33CCV6X, STM32WL33K8V7, STM32WL33K8V7X, STM32WL33KBV7 , STM32WL33KBV7X, STM32WL33KCV7, STM32WL33KCV7X, STM32WL5MOCH6, STM32WL5MOCH6TR]
2026-04-17 23:50:59,993 [INFO] DbMcus:218 - Found 5055 MCUs, 4968 are supported
2026-04-17 23:50:59,993 [INFO] ApiDb:423 - Load user favorites file /home/anbu/.stm32cubeide/favorites.mcus.txt: 0 item(s)
2026-04-17 23:50:59,994 [INFO] ApiDb:427 - User favorites MCUs=[]
2026-04-17 23:50:59,995 [INFO] DbMcus:224 - Set 0 / 0 favorites MCUs
2026-04-17 23:51:01,102 [INFO] ApiDb:668 - CubeFinder database Data Model version=2.1
2026-04-17 23:51:01,102 [INFO] ApiDb:669 - CubeFinder database Configuration version=3.0.42
2026-04-17 23:51:01,103 [INFO] ApiDb:670 - CubeFinder database generation date=2026-03-11 (1773229989)
2026-04-17 23:51:01,103 [INFO] ApiDb:671 - CubeFinder database FW Pack versions=[FP-ATR-ASTRA1_V2.0.0, FP-SNS-FLIGHT1_V5.1.0, FP-SNS-MOTENV1_V5.1.0, FP-SNS-MOTENVWB1_V1.5.0, FP-SNS-SMARTAG2_V1.2.0, FP-SNS-STBOX1_V2.1.0, STM32Cube_FW_C0_V1.4.0, STM32Cube_FW_F4_V1.28.3, STM32Cube_FW_F7_V1.17.4, STM32Cube_FW_G0_V1.6.3, STM32Cube_FW_G4_V1.6.2, STM32Cube_FW_H5_V1.6.0, STM32Cube_FW_H7RS_V1.3.0, STM32Cube_FW_H7_V1.13.0, STM32Cube_FW_L0_V1.12.2, STM32Cube_FW_L4_V1.18.2, STM32Cube_FW_L5_V1.6.0, STM32Cube_FW_N6_V1.3.0, STM32Cube_FW_U0_V1.3.0, STM32Cube_FW_U3_V1.3.0, STM32Cube_FW_U5_V1.8.0, STM32Cube_FW_WB0_V1.4.0, STM32Cube_FW_WBA_V1.9.0, STM32Cube_FW_WB_V1.24.0, STM32Cube_FW_WL3_V1.4.0, STM32Cube_FW_WL_V1.5.0, X-CUBE-ALGOBUILD_V1.4.0, X-CUBE-ALS_V1.0.2, X-CUBE-AZRTOS-F4_V1.1.0, X-CUBE-AZRTOS-F7_V1.1.0, X-CUBE-AZRTOS-G0_V1.1.0, X-CUBE-AZRTOS-G4_V2.0.0, X-CUBE-AZRTOS-H7RS_V1.1.0, X-CUBE-AZRTOS-H7_V3.4.0, X-CUBE-AZRTOS-L4_V2.0.0, X-CUBE-AZRTOS-L5_V2.0.0, X-CUBE-AZRTOS-WB_V2.0.0, X-CUBE-AZRTOS-WL_V2.0.0, X-CUBE-BLE1_V7.1.0, X-CUBE-BLE2_V3.3.0, X-CUBE-BLEMGR_V4.1.0, X-CUBE-EEPRMA1_V5.2.0, X-CUBE-FREERTOS_V1.5.0, X-CUBE-GNSS1_V6.0.0, X-CUBE-MEMS1_V12.0.0, X-CUBE-NFC4_V3.0.0, X-CUBE-NFC7_V2.0.0, X-CUBE-SFXS2LP1_V4.0.0, X-CUBE-ST67W61_V1.2.0, X-CUBE-SUBG2_V5.0.0, X-CUBE-TOF1_V3.4.3]
2026-04-17 23:51:01,198 [INFO] DbBoardsSqlite:226 - include board P-NUCLEO-WB55-NUCLEO as a kit item of type 'Nucleo-64'
2026-04-17 23:51:01,199 [INFO] DbBoardsSqlite:226 - include board P-NUCLEO-WB55-USBDONGLE as a kit item of type 'Nucleo USB Dongle'
2026-04-17 23:51:01,200 [INFO] DbBoardsSqlite:226 - include board STEVAL-IDP005V1 as a kit item of type 'Evaluation Board'
2026-04-17 23:51:01,201 [INFO] DbBoardsSqlite:226 - include board STEVAL-IDP005V2 as a kit item of type 'Evaluation Board'
2026-04-17 23:51:01,297 [INFO] ApiDb:240 - Found 880 in-development CPN: [B-G473E-ZEST1S, B-WB1M-WPAN1, B-WBA5M-WPAN, B-WL5M-SUBG1, NUCLEO-C031C6, NUCLEO-C051C8, NUCLEO-C071RB, NUCLEO-C092RC, NUCLEO-H503RB, NUCLEO-H533RE, NUCLEO-H563ZI, NUCLEO-H7S3L8, NUCLEO-N657X0-Q, NUCLEO-U031R8, NUCLEO-U083RC, NUCLEO-U385RG-Q, NUCLEO-U545RE-Q, NUCLEO-U5A5ZJ-Q, NUCLEO-WB05KZ, NUCLEO-WB07CC, NUCLEO-WB09KE, NUCLEO-WBA52CG, NUCLEO-WBA55CG, NUCLEO-WL33CC1, NUCLEO-WL33CC2, STEVAL-PROTEUS1, STEVAL-SMARTAG2, STEVAL-STWINBX1, STM320518-EVAL, STM32C0116-DK, STM32C011D6Y3TR, STM32C011D6Y6TR, STM32C011F4P3, STM32C011F4P6, STM32C011F4U3, STM32C011F4U6TR, STM32C011F6P3, STM32C011F6P6, STM32C011F6U3, STM32C011F6U6TR, STM32C011J4M3, STM32C011J4M6, STM32C011J6M3, STM32C011J6M6, STM32C0316-DK, STM32C031C4T3, STM32C031C4T6, STM32C031C4U3, STM32C031C4U6, STM32C031C6T3, STM32C031C6T6, STM32C031C6U3, STM32C031C6U6, STM32C031F4P3, STM32C031F4P6, STM32C031F6P3, STM32C031F6P6, STM32C031G4U3, STM32C031G4U6, STM32C031G6U3, STM32C031G6U6, STM32C031K4T3, STM32C031K4T6, STM32C031K4U3, STM32C031K4U6, STM32C031K6T3, STM32C031K6T6, STM32C031K6U3, STM32C031K6U6, STM32C051C6T6, STM32C051C6U6, STM32C051C8T6, STM32C051C8U6, STM32C051D8Y6TR, STM32C051F6P6, STM32C051F8P6, STM32C051G6U6, STM32C051G8U6, STM32C051K6T6, STM32C051K6U6, STM32C051K8T6, STM32C071C8T6, STM32C071C8T6N, STM32C071C8U6, STM32C071C8U6N, STM32C071CBT6, STM32C071CBT6N, STM32C071CBU6, STM32C071CBU6N, STM32C071F8P6, STM32C071F8P6N, STM32C071FBP6, STM32C071FBP6N, STM32C071FBY6TR, STM32C071G8U6, STM32C071G8U6N, STM32C071GBU6, STM32C071GBU6N, STM32C071K8T6, STM32C071K8T6N, STM32C071K8U6, STM32C071K8U6N, STM32C071KBT6, STM32C071KBT6N, STM32C071KBU6, STM32C071KBU6N, STM32C071R8T6, STM32C071R8T6N, STM32C071RBI6N, STM32C071RBT6, STM32C071RBT6N, STM32C091CBT6, STM32C091CBU6, STM32C091CCT6, STM32C091CCU6, STM32C091ECY6TR, STM32C091FBP6, STM32C091FCP6, STM32C091GBU6, STM32C091GCU6, STM32C091KBT6, STM32C091KBU6, STM32C091KCT6, STM32C091KCU6, STM32C091RBT6, STM32C091RCI6, STM32C091RCT6, STM32C092CBT6, STM32C092CBU6, STM32C092CCT6, STM32C092CCU6, STM32C092ECY6TR, STM32C092FBP6, STM32C092FCP6, STM32C092GBU6, STM32C092GCU6, STM32C092KBT6, STM32C092KBU6, STM32C092KCT6, STM32C092KCU6, STM32C092RBT6, STM32C092RCI6, STM32C092RCT6, STM32G071K8TXN, STM32G071K8UXN, STM32G081GBU6N, STM32G081KBT6N, STM32G081KBUXN, STM32G0B1CCT6N, STM32G0B1KCT6, STM32G0B1NEY6TR, STM32G0B1RCT6N, STM32G0C1CCT6, STM32G0C1CCT6N, STM32G0C1CCU6N, STM32G0C1CET6N, STM32G0C1CEU6N, STM32G0C1KCT6, STM32G0C1NEY6TR, STM32G0C1RCI6N, STM32G0C1RCT6N, STM32G0C1REI6N, STM32G0C1RET6N, STM32G0C1VCI6, STM32G0C1VEI6, STM32G411C6T3, STM32G411C6T6, STM32G411C6U3, STM32G411C6U6, STM32G411C8T3, STM32G411C8T6, STM32G411C8U3, STM32G411C8U6, STM32G411CBT3, STM32G411CBT6, STM32G411CBU3, STM32G411CBU6, STM32G411K6T3, STM32G411K6T6, STM32G411K6U3, STM32G411K6U6, STM32G411K8T3, STM32G411K8T6, STM32G411K8U3, STM32G411K8U6, STM32G411KBT3, STM32G411KBT6, STM32G411KBU3, STM32G411KBU6, STM32G411M6T3, STM32G411M6T6, STM32G411M8T3, STM32G411M8T6, STM32G411MBT3, STM32G411MBT6, STM32G411R6T3, STM32G411R6T6, STM32G411R8T3, STM32G411R8T6, STM32G411RBT3, STM32G411RBT6, STM32G414CBT3, STM32G414CBT6, STM32G414CBU3, STM32G414CBU6, STM32G414CCT3, STM32G414CCT6, STM32G414CCU3, STM32G414CCU6, STM32G414MBT3, STM32G414MBT6, STM32G414MCT3, STM32G414MCT6, STM32G414RBT3, STM32G414RBT6, STM32G414RCT3, STM32G414RCT6, STM32G414VBT3, STM32G414VBT6, STM32G414VCT3, STM32G414VCT6, STM32G431CBT3Z, STM32G431RBT3Z, STM32G471CCT6, STM32G471CCU6, STM32G471CET3, STM32G471CET6, STM32G471CEU3, STM32G471CEU6, STM32G471MCT6, STM32G471MET3, STM32G471MET6, STM32G471MEY6TR, STM32G471QCT6, STM32G471QET3, STM32G471RCT6, STM32G471RET3, STM32G471RET6, STM32G471VCH6, STM32G471VCI6, STM32G471VCT6, STM32G471VEH3, STM32G471VEH6, STM32G471VEI3, STM32G471VEI6, STM32G471VET3, STM32G471VET6, STM32G473QET3Z, STM32G473RET3Z, STM32G474CCT6, STM32G491RET3Z, STM32H503CBT6, STM32H503CBU6, STM32H503EBY6TR, STM32H503KBU6, STM32H503RBT6, STM32H523CCT6, STM32H523CCU6, STM32H523CET6, STM32H523CEU6, STM32H523HEY6TR, STM32H523RCT6, STM32H523RET6, STM32H523VCI6, STM32H523VCT6, STM32H523VEI6, STM32H523VET6, STM32H523ZCJ6, STM32H523ZCT6, STM32H523ZEJ6, STM32H523ZET6, STM32H533CET6, STM32H533CEU6, STM32H533HEY6TR, STM32H533RET6, STM32H533VEI6, STM32H533VET6, STM32H533ZEJ6, STM32H533ZET6, STM32H562AGI6, STM32H562AII6, STM32H562IGK6, STM32H562IGT6, STM32H562IIK6, STM32H562IIT6, STM32H562RGT6, STM32H562RGV6, STM32H562RIT6, STM32H562RIV6, STM32H562VGT6, STM32H562VIT6, STM32H562ZGT6, STM32H562ZIT6, STM32H563AGI6, STM32H563AII3Q, STM32H563AII6, STM32H563IGK6, STM32H563IGT6, STM32H563IIK3Q, STM32H563IIK6, STM32H563IIT3Q, STM32H563IIT6, STM32H563MIY3QTR, STM32H563RGT6, STM32H563RGV6, STM32H563RIT6, STM32H563RIV6, STM32H563VGT6, STM32H563VIT3Q, STM32H563VIT6, STM32H563ZGT6, STM32H563ZIT3Q, STM32H563ZIT6, STM32H573AII3Q, STM32H573AII6, STM32H573I-DK, STM32H573IIK3Q, STM32H573IIK6, STM32H573IIT3Q, STM32H573IIT6, STM32H573MIY3QTR, STM32H573RIT6, STM32H573RIV6, STM32H573VIT3Q, STM32H573VIT6, STM32H573ZIT3Q, STM32H573ZIT6, STM32H7R3A8I6, STM32H7R3I8K6, STM32H7R3I8T6, STM32H7R3L8H6, STM32H7R3L8H6H, STM32H7R3R8V6, STM32H7R3V8H6, STM32H7R3V8T6, STM32H7R3V8Y6TR, STM32H7R3Z8J6, STM32H7R3Z8T6, STM32H7R7A8I6, STM32H7R7I8K6, STM32H7R7I8T6, STM32H7R7L8H6, STM32H7R7L8H6H, STM32H7R7Z8J6, STM32H7S3A8I6, STM32H7S3I8K6, STM32H7S3I8T6, STM32H7S3L8H6, STM32H7S3L8H6H, STM32H7S3R8V6, STM32H7S3V8H6, STM32H7S3V8T6, STM32H7S3V8Y6TR, STM32H7S3Z8J6, STM32H7S3Z8T6, STM32H7S78-DK, STM32H7S7A8I6, STM32H7S7I8K6, STM32H7S7I8T6, STM32H7S7L8H6, STM32H7S7L8H6H, STM32H7S7Z8J6, STM32L4R5QGI6STR, STM32MP131AAE3, STM32MP131AAF3, STM32MP131AAG3, STM32MP131CAE3, STM32MP131CAF3, STM32MP131CAG3, STM32MP131DAE7, STM32MP131DAF7, STM32MP131DAG7, STM32MP131FAE7, STM32MP131FAF7, STM32MP131FAG7, STM32MP133AAE3, STM32MP133AAF3, STM32MP133AAG3, STM32MP133CAE3, STM32MP133CAF3, STM32MP133CAG3, STM32MP133DAE7, STM32MP133DAF7, STM32MP133DAG7, STM32MP133FAE7, STM32MP133FAF7, STM32MP133FAG7, STM32MP135AAE3, STM32MP135AAF3, STM32MP135AAG3, STM32MP135CAE3, STM32MP135CAF3, STM32MP135CAG3, STM32MP135DAE7, STM32MP135DAF7, STM32MP135DAG7, STM32MP135F-DK, STM32MP135FAE7, STM32MP135FAF7, STM32MP135FAF7T, STM32MP135FAF7U, STM32MP135FAG7, STM32MP211AAL3, STM32MP211AAM3, STM32MP211AAN3, STM32MP211AAO3, STM32MP211CAL3, STM32MP211CAM3, STM32MP211CAN3, STM32MP211CAO3, STM32MP211DAL3, STM32MP211DAM3, STM32MP211DAN3, STM32MP211DAO3, STM32MP211FAL3, STM32MP211FAM3, STM32MP211FAN3, STM32MP211FAO3, STM32MP213AAL3, STM32MP213AAM3, STM32MP213AAN3, STM32MP213AAO3, STM32MP213CAL3, STM32MP213CAM3, STM32MP213CAN3, STM32MP213CAO3, STM32MP213DAL3, STM32MP213DAM3, STM32MP213DAN3, STM32MP213DAO3, STM32MP213FAL3, STM32MP213FAM3, STM32MP213FAN3, STM32MP213FAO3, STM32MP215AAL3, STM32MP215AAM3, STM32MP215AAN3, STM32MP215AAO3, STM32MP215CAL3, STM32MP215CAM3, STM32MP215CAN3, STM32MP215CAO3, STM32MP215DAL3, STM32MP215DAM3, STM32MP215DAN3, STM32MP215DAO3, STM32MP215F-DK, STM32MP215FAL3, STM32MP215FAM3, STM32MP215FAN3, STM32MP215FAO3, STM32MP231AAJ3, STM32MP231AAK3, STM32MP231AAL3, STM32MP231CAJ3, STM32MP231CAK3, STM32MP231CAL3, STM32MP231DAJ3, STM32MP231DAK3, STM32MP231DAL3, STM32MP231FAJ3, STM32MP231FAK3, STM32MP231FAL3, STM32MP233AAJ3, STM32MP233AAK3, STM32MP233AAL3, STM32MP233CAJ3, STM32MP233CAK3, STM32MP233CAL3, STM32MP233DAJ3, STM32MP233DAK3, STM32MP233DAL3, STM32MP233FAJ3, STM32MP233FAK3, STM32MP233FAL3, STM32MP235AAJ3, STM32MP235AAK3, STM32MP235AAL3, STM32MP235CAJ3, STM32MP235CAK3, STM32MP235CAL3, STM32MP235DAJ3, STM32MP235DAK3, STM32MP235DAL3, STM32MP235FAJ3, STM32MP235FAK3, STM32MP235FAL3, STM32MP251AAI3, STM32MP251AAK3, STM32MP251AAL3, STM32MP251CAI3, STM32MP251CAK3, STM32MP251CAL3, STM32MP251DAI3, STM32MP251DAK3, STM32MP251DAL3, STM32MP251FAI3, STM32MP251FAK3, STM32MP251FAL3, STM32MP253AAI3, STM32MP253AAK3, STM32MP253AAL3, STM32MP253CAI3, STM32MP253CAK3, STM32MP253CAL3, STM32MP253DAI3, STM32MP253DAK3, STM32MP253DAL3, STM32MP253FAI3, STM32MP253FAK3, STM32MP253FAL3, STM32MP255AAI3, STM32MP255AAK3, STM32MP255AAL3, STM32MP255CAI3, STM32MP255CAK3, STM32MP255CAL3, STM32MP255DAI3, STM32MP255DAK3, STM32MP255DAL3, STM32MP255FAI3, STM32MP255FAK3, STM32MP255FAL3, STM32MP257AAI3, STM32MP257AAK3, STM32MP257AAL3, STM32MP257CAI3, STM32MP257CAK3, STM32MP257CAL3, STM32MP257DAI3, STM32MP257DAK3, STM32MP257DAL3, STM32MP257F-DK, STM32MP257F-EV1, STM32MP257FAI3, STM32MP257FAK3, STM32MP257FAL3, STM32N645A0H3Q, STM32N645B0H3Q, STM32N645I0H3Q, STM32N645L0H3Q, STM32N645X0H3Q, STM32N645Z0H3Q, STM32N647A0H3Q, STM32N647B0H3Q, STM32N647I0H3Q, STM32N647L0H3Q, STM32N647X0H3Q, STM32N647Z0H3Q, STM32N655A0H3Q, STM32N655B0H3Q, STM32N655I0H3Q, STM32N655L0H3Q, STM32N655X0H3Q, STM32N655Z0H3Q, STM32N6570-DK, STM32N657A0H3Q, STM32N657B0H3Q, STM32N657I0H3Q, STM32N657L0H3Q, STM32N657X0H3Q, STM32N657Z0H3Q, STM32U031C6T6, STM32U031C6U6, STM32U031C8T6, STM32U031C8U6, STM32U031F4P6, STM32U031F6P6, STM32U031F8P6, STM32U031G6Y6TR, STM32U031G8Y6TR, STM32U031K4U6, STM32U031K6U6, STM32U031K8U6, STM32U031R6I6, STM32U031R6T6, STM32U031R8I6, STM32U031R8T6, STM32U073C8T6, STM32U073C8U6, STM32U073CBT6, STM32U073CBU6, STM32U073CCT6, STM32U073CCU6, STM32U073H8Y6TR, STM32U073HBY6TR, STM32U073HCY6TR, STM32U073K8U6, STM32U073KBU6, STM32U073KCU6, STM32U073M8I6, STM32U073M8T6, STM32U073MBI6, STM32U073MBT6, STM32U073MCI6, STM32U073MCT6, STM32U073R8I6, STM32U073R8T6, STM32U073RBI6, STM32U073RBT6, STM32U073RCI6, STM32U073RCT6, STM32U083C-DK, STM32U083CCT6, STM32U083CCU6, STM32U083HCY6TR, STM32U083KCU6, STM32U083MCI6, STM32U083MCT6, STM32U083RCI6, STM32U083RCT6, STM32U375CET6, STM32U375CET6Q, STM32U375CEU6, STM32U375CEU6Q, STM32U375CEY6QTR, STM32U375CGT6, STM32U375CGT6Q, STM32U375CGU6, STM32U375CGU6Q, STM32U375CGY6QTR, STM32U375KEU6, STM32U375KGU6, STM32U375REI6, STM32U375REI6Q, STM32U375RET6, STM32U375RET6Q, STM32U375REY6GTR, STM32U375REY6QTR, STM32U375RGI6, STM32U375RGI6Q, STM32U375RGT6, STM32U375RGT6Q, STM32U375RGY6GTR, STM32U375RGY6QTR, STM32U375VEI6, STM32U375VEI6Q, STM32U375VET6, STM32U375VET6Q, STM32U375VGI6, STM32U375VGI6Q, STM32U375VGT6, STM32U375VGT6Q, STM32U385CGT6, STM32U385CGT6Q, STM32U385CGU6, STM32U385CGU6Q, STM32U385CGY6QTR, STM32U385KGU6, STM32U385RGI6, STM32U385RGI6Q, STM32U385RGT6, STM32U385RGT6Q, STM32U385RGY6GTR, STM32U385RGY6QTR, STM32U385VGI6, STM32U385VGI6Q, STM32U385VGT6, STM32U385VGT6Q, STM32U535CBT6, STM32U535CBT6Q, STM32U535CBU6, STM32U535CBU6Q, STM32U535CCT6, STM32U535CCT6Q, STM32U535CCU6, STM32U535CCU6Q, STM32U535CET6, STM32U535CET6Q, STM32U535CEU6, STM32U535CEU6Q, STM32U535JEY6QTR, STM32U535NCY6QTR, STM32U535NEY6QTR, STM32U535RBI6, STM32U535RBI6Q, STM32U535RBT6, STM32U535RBT6Q, STM32U535RCI6, STM32U535RCI6Q, STM32U535RCT6, STM32U535RCT6Q, STM32U535REI6, STM32U535REI6Q, STM32U535RET6, STM32U535RET6Q, STM32U535VCI6, STM32U535VCI6Q, STM32U535VCT6, STM32U535VCT6Q, STM32U535VEI6, STM32U535VEI6Q, STM32U535VET6, STM32U535VET6Q, STM32U545CET6, STM32U545CET6Q, STM32U545CEU6, STM32U545CEU6Q, STM32U545JEY6QTR, STM32U545NEY6QTR, STM32U545REI6, STM32U545REI6Q, STM32U545RET6, STM32U545RET6Q, STM32U545VEI6, STM32U545VEI6Q, STM32U545VET6, STM32U545VET6Q, STM32U595AIH6, STM32U595AIH6Q, STM32U595AJH6, STM32U595AJH6Q, STM32U595QII6, STM32U595QII6Q, STM32U595QJI6, STM32U595QJI6Q, STM32U595RIT6, STM32U595RIT6Q, STM32U595RJT6, STM32U595RJT6Q, STM32U595VIT6, STM32U595VIT6Q, STM32U595VJT6, STM32U595VJT6Q, STM32U595ZIT6, STM32U595ZIT6Q, STM32U595ZIY6QTR, STM32U595ZJT6, STM32U595ZJT6Q, STM32U595ZJY6QTR, STM32U599BJY6QTR, STM32U599NIH6Q, STM32U599NJH6Q, STM32U599VIT6Q, STM32U599VJT6, STM32U599VJT6Q, STM32U599ZIT6Q, STM32U599ZIY6QTR, STM32U599ZJT6Q, STM32U599ZJY6QTR, STM32U5A5AJH6, STM32U5A5AJH6Q, STM32U5A5QII3Q , STM32U5A5QJI6, STM32U5A5QJI6Q, STM32U5A5RJT6, STM32U5A5RJT6Q, STM32U5A5VJT6, STM32U5A5VJT6Q, STM32U5A5ZJT6, STM32U5A5ZJT6Q, STM32U5A5ZJY6QTR, STM32U5A9BJY6QTR, STM32U5A9J-DK, STM32U5A9NJH6Q, STM32U5A9VJT6Q, STM32U5A9ZJT6Q, STM32U5A9ZJY6QTR, STM32U5F7VIT6, STM32U5F7VIT6Q, STM32U5F7VJT6, STM32U5F7VJT6Q, STM32U5F9BJY6QTR, STM32U5F9NJH6Q, STM32U5F9VIT6Q, STM32U5F9VJT6Q, STM32U5F9ZIJ6QTR, STM32U5F9ZIT6Q, STM32U5F9ZJJ6QTR, STM32U5F9ZJT6Q, STM32U5G7VJT6, STM32U5G7VJT6Q, STM32U5G9BJY6QTR, STM32U5G9J-DK1, STM32U5G9J-DK2, STM32U5G9NJH6Q, STM32U5G9VJT6Q, STM32U5G9ZJJ6QTR, STM32U5G9ZJT6Q, STM32WB05KZV6TR, STM32WB05KZV7TR, STM32WB05TZF6TR, STM32WB05TZF7TR, STM32WB06CCF6TR, STM32WB06CCF7TR, STM32WB06CCV6TR, STM32WB06CCV7TR, STM32WB06KCV6TR, STM32WB06KCV7TR, STM32WB07CCF6TR, STM32WB07CCF7TR, STM32WB07CCV6TR, STM32WB07CCV7TR, STM32WB07KCV6TR, STM32WB07KCV7TR, STM32WB09KEV6TR, STM32WB09KEV7TR, STM32WB09TEF6TR, STM32WB09TEF7TR, STM32WB1MMCH6, STM32WBA50KGU6, STM32WBA50KGU6TR, STM32WBA52CEU6, STM32WBA52CEU6TR, STM32WBA52CEU7, STM32WBA52CEU7TR, STM32WBA52CGU6, STM32WBA52CGU6TR, STM32WBA52CGU6U, STM32WBA52CGU7, STM32WBA52CGU7TR, STM32WBA52KEU6, STM32WBA52KEU6TR, STM32WBA52KGU6, STM32WBA52KGU6TR, STM32WBA54CEU6, STM32WBA54CEU6TR, STM32WBA54CEU7, STM32WBA54CEU7TR, STM32WBA54CGU6, STM32WBA54CGU6TR, STM32WBA54CGU7, STM32WBA54CGU7TR, STM32WBA54KEU6, STM32WBA54KEU6TR, STM32WBA54KEU7, STM32WBA54KEU7TR, STM32WBA54KGU6, STM32WBA54KGU6TR, STM32WBA54KGU7, STM32WBA54KGU7TR, STM32WBA55CEU6, STM32WBA55CEU6TR, STM32WBA55CEU7, STM32WBA55CEU7TR, STM32WBA55CGU6, STM32WBA55CGU6TR, STM32WBA55CGU6U, STM32WBA55CGU7, STM32WBA55CGU7TR, STM32WBA55G-DK1, STM32WBA55HEF6, STM32WBA55HEF7, STM32WBA55HGF6, STM32WBA55HGF7, STM32WBA55UEI6, STM32WBA55UEI6TR, STM32WBA55UEI7, STM32WBA55UEI7TR, STM32WBA55UGI6, STM32WBA55UGI6TR, STM32WBA55UGI7, STM32WBA55UGI7TR, STM32WBA5MMGH6TR, STM32WBA62MGF6, STM32WBA62MIF6, STM32WBA65MGF7, STM32WBA65MIF6, STM32WBA65MIF7, STM32WL30K8V6, STM32WL30KBV6, STM32WL31C8V6, STM32WL31CBV6, STM32WL31K8V6, STM32WL31KBV6, STM32WL33C8V6, STM32WL33C8V6X, STM32WL33CBV6, STM32WL33CBV6X, STM32WL33CCV6, STM32WL33CCV6A, STM32WL33CCV6X, STM32WL33K8V7, STM32WL33K8V7X, STM32WL33KBV7 , STM32WL33KBV7X, STM32WL33KCV7, STM32WL33KCV7X, STM32WL5MOCH6, STM32WL5MOCH6TR]
2026-04-17 23:51:01,428 [INFO] BoardInfo:889 - No configuration file found for board NUCLEO-H5E5ZJ
2026-04-17 23:51:01,429 [INFO] DbBoards:161 - Board is not supported: NUCLEO-H5E5ZJ
2026-04-17 23:51:01,485 [INFO] BoardInfo:889 - No configuration file found for board NUCLEO-U3C5ZI-Q
2026-04-17 23:51:01,486 [INFO] DbBoards:161 - Board is not supported: NUCLEO-U3C5ZI-Q
2026-04-17 23:51:01,501 [INFO] BoardInfo:889 - No configuration file found for board NUCLEO-WBA25CE1
2026-04-17 23:51:01,502 [INFO] DbBoards:161 - Board is not supported: NUCLEO-WBA25CE1
2026-04-17 23:51:01,513 [INFO] BoardInfo:889 - No configuration file found for board NUCLEO-WL3RKB1
2026-04-17 23:51:01,513 [INFO] DbBoards:161 - Board is not supported: NUCLEO-WL3RKB1
2026-04-17 23:51:01,515 [INFO] BoardInfo:889 - No configuration file found for board NUCLEO-WL3RKB2
2026-04-17 23:51:01,516 [INFO] DbBoards:161 - Board is not supported: NUCLEO-WL3RKB2
2026-04-17 23:51:01,524 [INFO] BoardInfo:889 - No configuration file found for board P-NUCLEO-WB55
2026-04-17 23:51:01,525 [INFO] DbBoards:161 - Kit is not supported: P-NUCLEO-WB55
2026-04-17 23:51:01,532 [INFO] BoardInfo:889 - No configuration file found for board STEVAL-BFA001V1B
2026-04-17 23:51:01,533 [INFO] DbBoards:161 - Kit is not supported: STEVAL-BFA001V1B
2026-04-17 23:51:01,535 [INFO] BoardInfo:889 - No configuration file found for board STEVAL-BFA001V2B
2026-04-17 23:51:01,535 [INFO] DbBoards:161 - Kit is not supported: STEVAL-BFA001V2B
2026-04-17 23:51:01,631 [INFO] BoardInfo:889 - No configuration file found for board STM32H5F5J-DK
2026-04-17 23:51:01,632 [INFO] DbBoards:161 - Board is not supported: STM32H5F5J-DK
2026-04-17 23:51:01,706 [INFO] DbBoards:168 - Found 218 boards, 209 are supported
2026-04-17 23:51:01,706 [INFO] DbBoards:169 - Found 218 boards, 43 of them is supported for  Bsp
2026-04-17 23:51:01,712 [INFO] ApiDb:414 - User favorites file not found: /home/anbu/.stm32cubeide/favorites.boards.txt
2026-04-17 23:51:01,713 [INFO] DbBoards:198 - Set 0 / 0 favorites Boards
2026-04-17 23:51:01,717 [INFO] ApiDb:668 - CubeFinder database Data Model version=2.1
2026-04-17 23:51:01,717 [INFO] ApiDb:669 - CubeFinder database Configuration version=3.0.42
2026-04-17 23:51:01,718 [INFO] ApiDb:670 - CubeFinder database generation date=2026-03-11 (1773229989)
2026-04-17 23:51:01,718 [INFO] ApiDb:671 - CubeFinder database FW Pack versions=[FP-ATR-ASTRA1_V2.0.0, FP-SNS-FLIGHT1_V5.1.0, FP-SNS-MOTENV1_V5.1.0, FP-SNS-MOTENVWB1_V1.5.0, FP-SNS-SMARTAG2_V1.2.0, FP-SNS-STBOX1_V2.1.0, STM32Cube_FW_C0_V1.4.0, STM32Cube_FW_F4_V1.28.3, STM32Cube_FW_F7_V1.17.4, STM32Cube_FW_G0_V1.6.3, STM32Cube_FW_G4_V1.6.2, STM32Cube_FW_H5_V1.6.0, STM32Cube_FW_H7RS_V1.3.0, STM32Cube_FW_H7_V1.13.0, STM32Cube_FW_L0_V1.12.2, STM32Cube_FW_L4_V1.18.2, STM32Cube_FW_L5_V1.6.0, STM32Cube_FW_N6_V1.3.0, STM32Cube_FW_U0_V1.3.0, STM32Cube_FW_U3_V1.3.0, STM32Cube_FW_U5_V1.8.0, STM32Cube_FW_WB0_V1.4.0, STM32Cube_FW_WBA_V1.9.0, STM32Cube_FW_WB_V1.24.0, STM32Cube_FW_WL3_V1.4.0, STM32Cube_FW_WL_V1.5.0, X-CUBE-ALGOBUILD_V1.4.0, X-CUBE-ALS_V1.0.2, X-CUBE-AZRTOS-F4_V1.1.0, X-CUBE-AZRTOS-F7_V1.1.0, X-CUBE-AZRTOS-G0_V1.1.0, X-CUBE-AZRTOS-G4_V2.0.0, X-CUBE-AZRTOS-H7RS_V1.1.0, X-CUBE-AZRTOS-H7_V3.4.0, X-CUBE-AZRTOS-L4_V2.0.0, X-CUBE-AZRTOS-L5_V2.0.0, X-CUBE-AZRTOS-WB_V2.0.0, X-CUBE-AZRTOS-WL_V2.0.0, X-CUBE-BLE1_V7.1.0, X-CUBE-BLE2_V3.3.0, X-CUBE-BLEMGR_V4.1.0, X-CUBE-EEPRMA1_V5.2.0, X-CUBE-FREERTOS_V1.5.0, X-CUBE-GNSS1_V6.0.0, X-CUBE-MEMS1_V12.0.0, X-CUBE-NFC4_V3.0.0, X-CUBE-NFC7_V2.0.0, X-CUBE-SFXS2LP1_V4.0.0, X-CUBE-ST67W61_V1.2.0, X-CUBE-SUBG2_V5.0.0, X-CUBE-TOF1_V3.4.3]
2026-04-17 23:51:02,503 [ERROR] DbExamplesSqlite:437 - Missing JSON key: board_cpn
2026-04-17 23:51:02,504 [ERROR] DbExamplesSqlite:437 - Missing JSON key: board_cpn
2026-04-17 23:51:02,504 [ERROR] DbExamplesSqlite:437 - Missing JSON key: board_cpn
2026-04-17 23:51:02,505 [ERROR] DbExamplesSqlite:437 - Missing JSON key: board_cpn
2026-04-17 23:51:02,775 [ERROR] DbExamplesSqlite:437 - Missing JSON key: board_cpn
2026-04-17 23:51:02,775 [ERROR] DbExamplesSqlite:437 - Missing JSON key: board_cpn
2026-04-17 23:51:02,818 [INFO] DbExamplesSqlite:395 - Ignored 39 examples not supported by CubeIDE
2026-04-17 23:51:02,818 [INFO] DbExamplesSqlite:396 - Found 11210 examples active
2026-04-17 23:51:02,819 [INFO] DbExamplesSqlite:397 - Found 0 examples obsolete
2026-04-17 23:51:02,819 [INFO] DbExamplesSqlite:398 - Found 0 examples under development
2026-04-17 23:51:02,819 [INFO] DbExamplesSqlite:399 - Found 76 examples not building
2026-04-17 23:51:02,822 [INFO] DbExamples:125 - Found 11247 examples
2026-04-17 23:51:02,877 [ERROR] DbExamples:208 - Found 377 examples with invalid data (board or MCU)
2026-04-17 23:51:02,878 [INFO] DbExamples:222 - Found 140 boards with related examples
2026-04-17 23:51:02,879 [INFO] DbExamples:235 - Found 114 MCUs with related examples
2026-04-17 23:51:02,905 [INFO] ApiDb:414 - User favorites file not found: /home/anbu/.stm32cubeide/favorites.examples.txt
2026-04-17 23:51:02,906 [INFO] DbExamples:250 - Set 0 / 0 favorites Examples
2026-04-17 23:51:03,007 [INFO] McuFinderGlobals:76 - Set McuFinderConnectedMode to true
2026-04-17 23:51:03,014 [INFO] MultiScanPanel:200 - Auto-refresh data requested => check proxy status ongoing
2026-04-17 23:51:03,016 [INFO] FinderPluginLoader:96 - Searching for filters in installed packs
2026-04-17 23:51:04,125 [INFO] LoadUrlFilesThread:185 - End of LoadServerUrlFiles without Thread
2026-04-17 23:51:04,132 [INFO] DetailPanel:341 - Set advertising image to /home/anbu/STM32Cube/Repository//en.prom-stm32u3b5-u3c5-0426.jpg
2026-04-17 23:51:29,610 [INFO] McuResultTable:1403 - Mark MCU STM32F411CEU6 as favorite
2026-04-17 23:51:56,219 [INFO] MainUpdater:2872 - connection check result : 10
2026-04-17 23:51:56,220 [INFO] MainUpdater:2872 - connection check result : 10
2026-04-17 23:51:56,239 [INFO] MicroXplorer:468 - Change Database Path : 
2026-04-17 23:51:56,239 [INFO] MicroXplorer:498 - Change Database Version : DB.6.0.150
2026-04-17 23:51:56,246 [WARN] ThirdParty:871 - waiting for thirdparty lock release [close project]
2026-04-17 23:51:56,246 [INFO] ThirdParty:873 - entering critical section [close project]
2026-04-17 23:51:56,248 [INFO] ThirdParty:883 - exiting critical section [close project]
2026-04-17 23:51:56,251 [INFO] PinOutPanel:1589 - setPackage(No Configuration,No Configuration)
2026-04-17 23:51:56,252 [INFO] UtilMem:75 - Begin LoadConfig() Used Memory: 695631272 Bytes (1073741824)
2026-04-17 23:51:56,254 [INFO] MicroXplorer:468 - Change Database Path : 
2026-04-17 23:51:56,254 [INFO] MicroXplorer:498 - Change Database Version : DB.6.0.150
2026-04-17 23:51:56,254 [INFO] OpenFileManager:355 - Change cursor
2026-04-17 23:51:56,314 [INFO] Mcu:2029 - Initializing MCU STM32F411CEUx STM32F411CEUx STM32F411CEU6
2026-04-17 23:51:57,698 [INFO] Context:786 - Trying to add GPIOservice into a context  which must be forbidden
2026-04-17 23:51:58,320 [INFO] ImportTextPane:234 - (OptionalMessage_ERROR) Unable to find key (Mcu.ThirdPartyNb) in loaded IOC file
2026-04-17 23:51:58,321 [INFO] ImportTextPane:234 - (OptionalMessage_ERROR) Unable to find key (Mcu.PinsNb) in loaded IOC file
2026-04-17 23:51:58,322 [INFO] ImportTextPane:234 - (OptionalMessage_ERROR) Pin0 (VP_RIF_VS_RIF1) cannot be retrieved for this MCU
2026-04-17 23:51:58,323 [INFO] ImportTextPane:234 - (OptionalMessage_ERROR) Unable to find key (Mcu.IPNb) in loaded IOC file
2026-04-17 23:51:58,433 [WARN] ModelIntegratedComponent:63 - No mode defined for component null
2026-04-17 23:51:58,433 [WARN] ModelIntegratedComponent:63 - No mode defined for component null
2026-04-17 23:51:58,434 [WARN] ModelIntegratedComponent:63 - No mode defined for component null
2026-04-17 23:51:58,435 [WARN] ModelIntegratedComponent:63 - No mode defined for component null
2026-04-17 23:51:58,435 [WARN] ModelIntegratedComponent:63 - No mode defined for component null
2026-04-17 23:51:58,436 [WARN] ModelIntegratedComponent:63 - No mode defined for component null
2026-04-17 23:51:58,436 [WARN] ModelIntegratedComponent:63 - No mode defined for component null
2026-04-17 23:51:58,436 [WARN] ModelIntegratedComponent:63 - No mode defined for component null
2026-04-17 23:51:58,437 [WARN] ModelIntegratedComponent:63 - No mode defined for component null
2026-04-17 23:51:58,437 [WARN] ModelIntegratedComponent:63 - No mode defined for component null
2026-04-17 23:51:58,437 [WARN] ModelIntegratedComponent:63 - No mode defined for component null
2026-04-17 23:51:58,437 [WARN] ModelIntegratedComponent:63 - No mode defined for component null
2026-04-17 23:51:58,438 [WARN] ModelIntegratedComponent:63 - No mode defined for component null
2026-04-17 23:51:58,438 [WARN] ModelIntegratedComponent:63 - No mode defined for component null
2026-04-17 23:51:58,438 [WARN] ModelIntegratedComponent:63 - No mode defined for component null
2026-04-17 23:51:58,439 [WARN] ModelIntegratedComponent:63 - No mode defined for component null
2026-04-17 23:51:58,439 [WARN] ModelIntegratedComponent:63 - No mode defined for component null
2026-04-17 23:51:58,439 [WARN] ModelIntegratedComponent:63 - No mode defined for component null
2026-04-17 23:51:58,440 [WARN] ModelIntegratedComponent:63 - No mode defined for component null
2026-04-17 23:51:58,440 [WARN] ModelIntegratedComponent:63 - No mode defined for component null
2026-04-17 23:51:58,440 [WARN] ModelIntegratedComponent:63 - No mode defined for component null
2026-04-17 23:51:58,441 [WARN] ModelIntegratedComponent:63 - No mode defined for component null
2026-04-17 23:51:58,441 [WARN] ModelIntegratedComponent:63 - No mode defined for component null
2026-04-17 23:51:58,441 [WARN] ModelIntegratedComponent:63 - No mode defined for component null
2026-04-17 23:51:58,441 [WARN] ModelIntegratedComponent:63 - No mode defined for component null
2026-04-17 23:51:58,442 [WARN] ModelIntegratedComponent:63 - No mode defined for component null
2026-04-17 23:51:58,442 [WARN] ModelIntegratedComponent:63 - No mode defined for component null
2026-04-17 23:51:58,442 [WARN] ModelIntegratedComponent:63 - No mode defined for component null
2026-04-17 23:51:58,443 [WARN] ModelIntegratedComponent:63 - No mode defined for component null
2026-04-17 23:51:58,443 [WARN] ModelIntegratedComponent:63 - No mode defined for component null
2026-04-17 23:51:58,444 [WARN] ModelIntegratedComponent:63 - No mode defined for component null
2026-04-17 23:51:58,444 [WARN] ModelIntegratedComponent:63 - No mode defined for component null
2026-04-17 23:51:58,445 [WARN] ModelIntegratedComponent:63 - No mode defined for component null
2026-04-17 23:51:58,445 [WARN] ModelIntegratedComponent:63 - No mode defined for component null
2026-04-17 23:51:58,446 [WARN] ModelIntegratedComponent:63 - No mode defined for component null
2026-04-17 23:51:58,446 [WARN] ModelPack:524 - Component already loaded: STMicroelectronics:HAL Drivers:0.0.0:STMicroelectronics:Device:STMicro_Driver:XSPI:HAL::0.0.1:HAL_XSPI
2026-04-17 23:51:58,455 [INFO] RtosManager:558 - Registered RTOS mode: class=CMSIS, group=RTOS, mode=CMSIS_V1, owner=FREERTOS
2026-04-17 23:51:58,456 [INFO] RtosManager:558 - Registered RTOS mode: class=CMSIS, group=RTOS2, mode=CMSIS_V2, owner=FREERTOS
2026-04-17 23:51:58,456 [INFO] RtosManager:558 - Registered RTOS mode: class=RTOS, group=Core, mode=CMSIS_V1, owner=FREERTOS
2026-04-17 23:51:58,456 [INFO] RtosManager:558 - Registered RTOS mode: class=RTOS, group=Core, mode=CMSIS_V2, owner=FREERTOS
2026-04-17 23:51:58,457 [WARN] ModelIntegratedComponent:184 - Missing modes for component STMicroelectronics:FreeRTOS:0.0.1:STMicroelectronics:RTOS:FreeRTOS:Core:::10.2.0:
2026-04-17 23:51:58,458 [WARN] ModelIntegratedComponent:182 - Modes not found for component STMicroelectronics:USB_DEVICE:1.0.0:STMicroelectronics:USB::USB Device:Audio HS::1.0:USB_DEVICE_1_0_RESTRICTED_HS
2026-04-17 23:51:58,459 [WARN] ModelIntegratedComponent:188 - Modes not found for component STMicroelectronics:USB_DEVICE:1.0.0:STMicroelectronics:USB::USB Device:Audio HS::1.0:USB_DEVICE_1_0_RESTRICTED_HS
2026-04-17 23:51:58,459 [WARN] ModelIntegratedComponent:182 - Modes not found for component STMicroelectronics:USB_DEVICE:1.0.0:STMicroelectronics:USB::USB Device:CDC HS::1.0:USB_DEVICE_1_0_RESTRICTED_HS
2026-04-17 23:51:58,459 [WARN] ModelIntegratedComponent:188 - Modes not found for component STMicroelectronics:USB_DEVICE:1.0.0:STMicroelectronics:USB::USB Device:CDC HS::1.0:USB_DEVICE_1_0_RESTRICTED_HS
2026-04-17 23:51:58,459 [WARN] ModelIntegratedComponent:182 - Modes not found for component STMicroelectronics:USB_DEVICE:1.0.0:STMicroelectronics:USB::USB Device:DFU HS::1.0:USB_DEVICE_1_0_RESTRICTED_HS
2026-04-17 23:51:58,460 [WARN] ModelIntegratedComponent:188 - Modes not found for component STMicroelectronics:USB_DEVICE:1.0.0:STMicroelectronics:USB::USB Device:DFU HS::1.0:USB_DEVICE_1_0_RESTRICTED_HS
2026-04-17 23:51:58,460 [WARN] ModelIntegratedComponent:182 - Modes not found for component STMicroelectronics:USB_DEVICE:1.0.0:STMicroelectronics:USB::USB Device:HID HS::1.0:USB_DEVICE_1_0_RESTRICTED_HS
2026-04-17 23:51:58,460 [WARN] ModelIntegratedComponent:188 - Modes not found for component STMicroelectronics:USB_DEVICE:1.0.0:STMicroelectronics:USB::USB Device:HID HS::1.0:USB_DEVICE_1_0_RESTRICTED_HS
2026-04-17 23:51:58,460 [WARN] ModelIntegratedComponent:182 - Modes not found for component STMicroelectronics:USB_DEVICE:1.0.0:STMicroelectronics:USB::USB Device:Custom HID HS::1.0:USB_DEVICE_1_0_RESTRICTED_HS
2026-04-17 23:51:58,460 [WARN] ModelIntegratedComponent:188 - Modes not found for component STMicroelectronics:USB_DEVICE:1.0.0:STMicroelectronics:USB::USB Device:Custom HID HS::1.0:USB_DEVICE_1_0_RESTRICTED_HS
2026-04-17 23:51:58,461 [WARN] ModelIntegratedComponent:182 - Modes not found for component STMicroelectronics:USB_DEVICE:1.0.0:STMicroelectronics:USB::USB Device:MSC HS::1.0:USB_DEVICE_1_0_RESTRICTED_HS
2026-04-17 23:51:58,461 [WARN] ModelIntegratedComponent:188 - Modes not found for component STMicroelectronics:USB_DEVICE:1.0.0:STMicroelectronics:USB::USB Device:MSC HS::1.0:USB_DEVICE_1_0_RESTRICTED_HS
2026-04-17 23:51:58,464 [WARN] ModelIntegratedComponent:182 - Modes not found for component STMicroelectronics:USB_HOST:1.0.0:STMicroelectronics:USB::USB Host:Audio HS::1.0:USB_HOST_1_0_RESTRICTED_HS
2026-04-17 23:51:58,464 [WARN] ModelIntegratedComponent:188 - Modes not found for component STMicroelectronics:USB_HOST:1.0.0:STMicroelectronics:USB::USB Host:Audio HS::1.0:USB_HOST_1_0_RESTRICTED_HS
2026-04-17 23:51:58,464 [WARN] ModelIntegratedComponent:182 - Modes not found for component STMicroelectronics:USB_HOST:1.0.0:STMicroelectronics:USB::USB Host:CDC HS::1.0:USB_HOST_1_0_RESTRICTED_HS
2026-04-17 23:51:58,464 [WARN] ModelIntegratedComponent:188 - Modes not found for component STMicroelectronics:USB_HOST:1.0.0:STMicroelectronics:USB::USB Host:CDC HS::1.0:USB_HOST_1_0_RESTRICTED_HS
2026-04-17 23:51:58,465 [WARN] ModelIntegratedComponent:182 - Modes not found for component STMicroelectronics:USB_HOST:1.0.0:STMicroelectronics:USB::USB Host:MSC HS::1.0:USB_HOST_1_0_RESTRICTED_HS
2026-04-17 23:51:58,465 [WARN] ModelIntegratedComponent:188 - Modes not found for component STMicroelectronics:USB_HOST:1.0.0:STMicroelectronics:USB::USB Host:MSC HS::1.0:USB_HOST_1_0_RESTRICTED_HS
2026-04-17 23:51:58,465 [WARN] ModelIntegratedComponent:182 - Modes not found for component STMicroelectronics:USB_HOST:1.0.0:STMicroelectronics:USB::USB Host:HID HS::1.0:USB_HOST_1_0_RESTRICTED_HS
2026-04-17 23:51:58,465 [WARN] ModelIntegratedComponent:188 - Modes not found for component STMicroelectronics:USB_HOST:1.0.0:STMicroelectronics:USB::USB Host:HID HS::1.0:USB_HOST_1_0_RESTRICTED_HS
2026-04-17 23:51:58,466 [WARN] ModelIntegratedComponent:182 - Modes not found for component STMicroelectronics:USB_HOST:1.0.0:STMicroelectronics:USB::USB Host:MTP HS::1.0:USB_HOST_1_0_RESTRICTED_HS
2026-04-17 23:51:58,466 [WARN] ModelIntegratedComponent:188 - Modes not found for component STMicroelectronics:USB_HOST:1.0.0:STMicroelectronics:USB::USB Host:MTP HS::1.0:USB_HOST_1_0_RESTRICTED_HS
2026-04-17 23:51:58,477 [INFO] ThirdPartyModel:298 - Start build external matchings
2026-04-17 23:51:58,489 [INFO] ThirdPartyModel:316 - End build external matchings
2026-04-17 23:51:58,708 [INFO] UtilMem:75 - End LoadConfig() Used Memory: 930323392 Bytes (1073741824)
2026-04-17 23:51:58,729 [WARN] ThirdParty:833 - waiting for thirdparty lock release [change project]
2026-04-17 23:51:58,730 [INFO] ThirdParty:835 - entering critical section [change project]
2026-04-17 23:51:58,730 [INFO] ThirdParty:1030 - CMSIS Pack Vendor :STMicroelectronics USBPD 4.1
2026-04-17 23:51:58,730 [INFO] ThirdParty:1030 - CMSIS Pack Vendor :STMicroelectronics X-CUBE-DISPLAY 3.0.0
2026-04-17 23:51:58,730 [INFO] ThirdParty:1030 - CMSIS Pack Vendor :STMicroelectronics USB_HOST 2.0.0
2026-04-17 23:51:58,730 [INFO] ThirdParty:1030 - CMSIS Pack Vendor :STMicroelectronics LIBJPEG 8.0.0
2026-04-17 23:51:58,731 [INFO] ThirdParty:1030 - CMSIS Pack Vendor :STMicroelectronics FP-ATR-ASTRA1 2.0.2
2026-04-17 23:51:58,731 [INFO] ThirdParty:1030 - CMSIS Pack Vendor :STMicroelectronics FP-ATR-SIGFOX1 3.2.0
2026-04-17 23:51:58,731 [INFO] ThirdParty:1030 - CMSIS Pack Vendor :STMicroelectronics X-CUBE-BLE1 7.1.0
2026-04-17 23:51:58,731 [INFO] ThirdParty:1030 - CMSIS Pack Vendor :STMicroelectronics USB_DEVICE 3.0.0
2026-04-17 23:51:58,731 [INFO] ThirdParty:1030 - CMSIS Pack Vendor :STMicroelectronics HAL Drivers 0.0.0
2026-04-17 23:51:58,731 [INFO] ThirdParty:1030 - CMSIS Pack Vendor :STMicroelectronics MBEDTLS 2.16.2
2026-04-17 23:51:58,731 [INFO] ThirdParty:1030 - CMSIS Pack Vendor :STMicroelectronics X-CUBE-ALS 1.0.2
2026-04-17 23:51:58,731 [INFO] ThirdParty:1030 - CMSIS Pack Vendor :STMicroelectronics MBEDTLS 2.14.1
2026-04-17 23:51:58,731 [INFO] ThirdParty:1030 - CMSIS Pack Vendor :STMicroelectronics USB_DEVICE 2.0.0
2026-04-17 23:51:58,731 [INFO] ThirdParty:1030 - CMSIS Pack Vendor :STMicroelectronics ThreadX 1.0.0
2026-04-17 23:51:58,732 [INFO] ThirdParty:1030 - CMSIS Pack Vendor :STMicroelectronics FP-SNS-SMARTAG2 1.2.0
2026-04-17 23:51:58,732 [INFO] ThirdParty:1030 - CMSIS Pack Vendor :STMicroelectronics FP-SNS-FLIGHT1 5.1.0
2026-04-17 23:51:58,732 [INFO] ThirdParty:1030 - CMSIS Pack Vendor :STMicroelectronics FreeRTOS 0.0.1
2026-04-17 23:51:58,732 [INFO] ThirdParty:1030 - CMSIS Pack Vendor :STMicroelectronics USB_DEVICE 1.0.0
2026-04-17 23:51:58,732 [INFO] ThirdParty:1030 - CMSIS Pack Vendor :STMicroelectronics STM32_WPAN 1.0.0
2026-04-17 23:51:58,732 [INFO] ThirdParty:1030 - CMSIS Pack Vendor :STMicroelectronics ThreadX 0.0.2
2026-04-17 23:51:58,732 [INFO] ThirdParty:1030 - CMSIS Pack Vendor :STMicroelectronics lwIP 2.1.2
2026-04-17 23:51:58,732 [INFO] ThirdParty:1030 - CMSIS Pack Vendor :STMicroelectronics lwIP 2.0.3
2026-04-17 23:51:58,733 [INFO] ThirdParty:1030 - CMSIS Pack Vendor :STMicroelectronics X-CUBE-BLE2 3.3.0
2026-04-17 23:51:58,733 [INFO] ThirdParty:1030 - CMSIS Pack Vendor :STMicroelectronics USB_HOST 1.0.0
2026-04-17 23:51:58,733 [INFO] ThirdParty:1030 - CMSIS Pack Vendor :STMicroelectronics PDM2PCM 3.1.0
2026-04-17 23:51:58,733 [INFO] ThirdParty:1030 - CMSIS Pack Vendor :STMicroelectronics PDM2PCM 3.2.0
2026-04-17 23:51:58,734 [INFO] ThirdParty:1030 - CMSIS Pack Vendor :STMicroelectronics PDM2PCM 3.3.0
2026-04-17 23:51:58,734 [INFO] ThirdParty:841 - exiting critical section [change project]
2026-04-17 23:51:59,349 [INFO] PinOutPanel:1589 - setPackage(No Configuration,No Configuration)
2026-04-17 23:51:59,351 [INFO] PinOutPanel:1589 - setPackage(STM32F411CEUx,UFQFPN48)
2026-04-17 23:52:00,059 [INFO] UtilMem:75 - Before build in PCC Used Memory: 801661104 Bytes (1073741824)
2026-04-17 23:52:00,987 [INFO] UtilMem:75 - After build in PCC Used Memory: 910713008 Bytes (1073741824)
2026-04-17 23:52:01,040 [INFO] IPUIPlugin:80 - create IPUIPlugin
2026-04-17 23:52:01,041 [INFO] IPUIPlugin:80 - create IPUIPlugin
2026-04-17 23:52:01,041 [INFO] IPUIPlugin:80 - create IPUIPlugin
2026-04-17 23:52:01,042 [INFO] IPUIPlugin:80 - create IPUIPlugin
2026-04-17 23:52:01,042 [INFO] IPUIPlugin:80 - create IPUIPlugin
2026-04-17 23:52:01,043 [INFO] IPUIPlugin:80 - create IPUIPlugin
2026-04-17 23:52:01,043 [INFO] IPUIPlugin:80 - create IPUIPlugin
2026-04-17 23:52:01,044 [INFO] IPUIPlugin:80 - create IPUIPlugin
2026-04-17 23:52:01,044 [INFO] IPUIPlugin:80 - create IPUIPlugin
2026-04-17 23:52:01,045 [INFO] IPUIPlugin:80 - create IPUIPlugin
2026-04-17 23:52:01,045 [INFO] IPUIPlugin:80 - create IPUIPlugin
2026-04-17 23:52:01,045 [INFO] IPUIPlugin:80 - create IPUIPlugin
2026-04-17 23:52:01,045 [INFO] IPUIPlugin:80 - create IPUIPlugin
2026-04-17 23:52:01,045 [INFO] IPUIPlugin:80 - create IPUIPlugin
2026-04-17 23:52:01,046 [INFO] IPUIPlugin:80 - create IPUIPlugin
2026-04-17 23:52:01,046 [INFO] IPUIPlugin:80 - create IPUIPlugin
2026-04-17 23:52:01,046 [INFO] IPUIPlugin:80 - create IPUIPlugin
2026-04-17 23:52:01,046 [INFO] IPUIPlugin:80 - create IPUIPlugin
2026-04-17 23:52:01,047 [INFO] IPUIPlugin:80 - create IPUIPlugin
2026-04-17 23:52:01,047 [INFO] IPUIPlugin:80 - create IPUIPlugin
2026-04-17 23:52:01,047 [INFO] IPUIPlugin:80 - create IPUIPlugin
2026-04-17 23:52:01,048 [INFO] IPUIPlugin:80 - create IPUIPlugin
2026-04-17 23:52:01,048 [INFO] IPUIPlugin:80 - create IPUIPlugin
2026-04-17 23:52:01,048 [INFO] IPUIPlugin:80 - create IPUIPlugin
2026-04-17 23:52:01,048 [INFO] IPUIPlugin:80 - create IPUIPlugin
2026-04-17 23:52:01,048 [INFO] IPUIPlugin:80 - create IPUIPlugin
2026-04-17 23:52:01,048 [INFO] IPUIPlugin:80 - create IPUIPlugin
2026-04-17 23:52:01,049 [INFO] IPUIPlugin:80 - create IPUIPlugin
2026-04-17 23:52:01,049 [INFO] IPUIPlugin:80 - create IPUIPlugin
2026-04-17 23:52:01,049 [INFO] IPUIPlugin:80 - create IPUIPlugin
2026-04-17 23:52:01,050 [INFO] IPUIPlugin:80 - create IPUIPlugin
2026-04-17 23:52:01,050 [INFO] IPUIPlugin:80 - create IPUIPlugin
2026-04-17 23:52:01,050 [INFO] IPUIPlugin:80 - create IPUIPlugin
2026-04-17 23:52:01,051 [INFO] IPUIPlugin:80 - create IPUIPlugin
2026-04-17 23:52:01,051 [INFO] IPUIPlugin:80 - create IPUIPlugin
2026-04-17 23:52:01,051 [INFO] IPUIPlugin:80 - create IPUIPlugin
2026-04-17 23:52:01,051 [INFO] IPUIPlugin:80 - create IPUIPlugin
2026-04-17 23:52:01,052 [INFO] IPUIPlugin:80 - create IPUIPlugin
2026-04-17 23:52:01,052 [INFO] IPUIPlugin:80 - create IPUIPlugin
2026-04-17 23:52:01,052 [INFO] IPUIPlugin:80 - create IPUIPlugin
2026-04-17 23:52:01,053 [INFO] IPUIPlugin:80 - create IPUIPlugin
2026-04-17 23:52:01,053 [INFO] IPUIPlugin:80 - create IPUIPlugin
2026-04-17 23:52:01,054 [INFO] IPUIPlugin:80 - create IPUIPlugin
2026-04-17 23:52:01,121 [INFO] ApiDbMcu:532 - Load IP Config File for PDM2PCM
2026-04-17 23:52:01,332 [INFO] CADModel:165 - CPN selected for project levelSTM32F411CEU6
2026-04-17 23:52:01,332 [INFO] CADModel:114 - Register for checkConnection events
2026-04-17 23:52:01,377 [INFO] OpenFileManager:386 - Restore cursor
2026-04-17 23:52:02,309 [INFO] UtilMem:75 - End SaveConfig() Used Memory: 717033216 Bytes (1073741824)
2026-04-17 23:52:03,645 [INFO] ServerAccessManage:452 - Complete download http(s) 200
2026-04-17 23:52:03,646 [INFO] ServerAccessManage:509 - Download File stm32cube_fw_f4_v1280.zip
2026-04-17 23:53:29,074 [INFO] AnalyticsPlugin:363 - Accepted License(s) without tracking enabled: [FW.F4.1.28.0]
2026-04-17 23:53:29,075 [INFO] FileExtend:248 - Unzip File : stm32cube_fw_f4_v1280.zip
2026-04-17 23:53:29,076 [INFO] FileExtend:263 - Standard Zip Deflate
2026-04-17 23:53:44,006 [INFO] ServerAccessManage:452 - Complete download http(s) 200
2026-04-17 23:53:44,007 [INFO] ServerAccessManage:509 - Download File stm32cube_fw_f4_v1283.zip
2026-04-17 23:54:51,782 [INFO] FileExtend:248 - Unzip File : stm32cube_fw_f4_v1283.zip
2026-04-17 23:54:51,784 [INFO] FileExtend:263 - Standard Zip Deflate
2026-04-17 23:55:03,961 [INFO] LoadServerPackagesThread:196 - End of LoadServerPackages Thread
2026-04-17 23:55:04,162 [INFO] ThirdPartyModel:298 - Start build external matchings
2026-04-17 23:55:04,174 [INFO] ThirdPartyModel:316 - End build external matchings
2026-04-17 23:55:04,176 [INFO] CheckServerUpdateThread:120 - End of CheckServer Thread
2026-04-17 23:55:04,179 [INFO] UtilMem:75 - End SaveConfig() Used Memory: 977731712 Bytes (1073741824)
2026-04-17 23:55:04,761 [INFO] BlockDiagram:2775 - set Specific Code input for plugin: NVIC
2026-04-17 23:55:04,761 [INFO] BlockDiagram:2775 - set Specific Code input for plugin: RCC
2026-04-17 23:55:04,762 [INFO] CodeGenerator:892 - code generatio: config db path: /home/anbu/st/stm32cubeide_1.19.0/plugins/com.st.stm32cube.common.mx_6.15.0.202507011659//db/
2026-04-17 23:55:04,931 [INFO] CodeEngine:265 - oldGeneratedFile, /mnt/windows_z/Z/projects/robarm/sourcecode/modified_servo_test/MXTmpFiles/license.tmp_save
2026-04-17 23:55:05,160 [INFO] CodeEngine:289 - Generated code: /mnt/windows_z/Z/projects/robarm/sourcecode/modified_servo_test/MXTmpFiles/license.tmp
2026-04-17 23:55:05,180 [INFO] CodeEngine:265 - oldGeneratedFile, /mnt/windows_z/Z/projects/robarm/sourcecode/modified_servo_test/Core/Src/stm32f4xx_it.c_save
2026-04-17 23:55:05,290 [INFO] CodeEngine:289 - Generated code: /mnt/windows_z/Z/projects/robarm/sourcecode/modified_servo_test/Core/Src/stm32f4xx_it.c
2026-04-17 23:55:05,294 [INFO] CodeEngine:265 - oldGeneratedFile, /mnt/windows_z/Z/projects/robarm/sourcecode/modified_servo_test/Core/Inc/stm32f4xx_it.h_save
2026-04-17 23:55:05,370 [INFO] CodeEngine:289 - Generated code: /mnt/windows_z/Z/projects/robarm/sourcecode/modified_servo_test/Core/Inc/stm32f4xx_it.h
2026-04-17 23:55:05,414 [INFO] CodeEngine:265 - oldGeneratedFile, /mnt/windows_z/Z/projects/robarm/sourcecode/modified_servo_test/Core/Src/stm32f4xx_hal_msp.c_save
2026-04-17 23:55:05,530 [INFO] CodeEngine:289 - Generated code: /mnt/windows_z/Z/projects/robarm/sourcecode/modified_servo_test/Core/Src/stm32f4xx_hal_msp.c
2026-04-17 23:55:05,536 [INFO] CodeEngine:265 - oldGeneratedFile, /mnt/windows_z/Z/projects/robarm/sourcecode/modified_servo_test/MXTmpFiles/system.tmp_save
2026-04-17 23:55:05,608 [INFO] CodeEngine:289 - Generated code: /mnt/windows_z/Z/projects/robarm/sourcecode/modified_servo_test/MXTmpFiles/system.tmp
2026-04-17 23:55:05,619 [INFO] CodeEngine:321 - oldGeneratedFile, /mnt/windows_z/Z/projects/robarm/sourcecode/modified_servo_test/Core/Inc/stm32f4xx_hal_conf.h_save
2026-04-17 23:55:05,704 [INFO] CodeEngine:345 - Generated code: /mnt/windows_z/Z/projects/robarm/sourcecode/modified_servo_test/Core/Inc/stm32f4xx_hal_conf.h
2026-04-17 23:55:05,736 [INFO] ApiDbMcu:532 - Load IP Config File for RCC
2026-04-17 23:55:05,743 [INFO] CodeEngine:265 - oldGeneratedFile, /mnt/windows_z/Z/projects/robarm/sourcecode/modified_servo_test/Core/Inc/main.h_save
2026-04-17 23:55:05,832 [INFO] CodeEngine:289 - Generated code: /mnt/windows_z/Z/projects/robarm/sourcecode/modified_servo_test/Core/Inc/main.h
2026-04-17 23:55:05,839 [INFO] CodeEngine:265 - oldGeneratedFile, /mnt/windows_z/Z/projects/robarm/sourcecode/modified_servo_test/Core/Src/main.c_save
2026-04-17 23:55:05,954 [INFO] CodeEngine:289 - Generated code: /mnt/windows_z/Z/projects/robarm/sourcecode/modified_servo_test/Core/Src/main.c
2026-04-17 23:55:06,363 [INFO] ProjectBuilder:3606 - Time for Copy HAL[1] : 113mS.
2026-04-17 23:55:06,368 [INFO] ProjectBuilder:5216 - Project Generator version: 4.7.0-B52
2026-04-17 23:55:06,474 [INFO] ConfigFileManager:1595 - The Die is : DIE431
2026-04-17 23:55:06,480 [INFO] ApiDbMcu:532 - Load IP Config File for FATFS
2026-04-17 23:55:06,484 [INFO] ApiDbMcu:532 - Load IP Config File for FREERTOS
2026-04-17 23:55:06,487 [INFO] ApiDbMcu:532 - Load IP Config File for LIBJPEG
2026-04-17 23:55:06,492 [INFO] ApiDbMcu:532 - Load IP Config File for MBEDTLS
2026-04-17 23:55:06,498 [INFO] ApiDbMcu:532 - Load IP Config File for USB_DEVICE
2026-04-17 23:55:06,502 [INFO] ApiDbMcu:532 - Load IP Config File for USB_HOST
2026-04-17 23:55:06,840 [INFO] LogOutputStream:77 - [STDOUT_REDIRECT] 
2026-04-17 23:55:08,452 [INFO] ProjectBuilder:5496 - Time for Generating toolchain IDE Files: 2084mS.
2026-04-17 23:55:08,453 [INFO] ProjectBuilder:3463 - Time for Copy CMSIS : 0mS.
2026-04-17 23:55:08,458 [INFO] ProjectBuilder:3463 - Time for Copy CMSIS : 0mS.
2026-04-17 23:55:08,785 [INFO] McuFinderGlobals:76 - Set McuFinderConnectedMode to true
2026-04-17 23:55:08,788 [INFO] ApiDb:448 - Save user favorites file /home/anbu/.stm32cubeide/favorites.mcus.txt: 1 item(s)
2026-04-17 23:55:08,788 [INFO] ApiDb:452 - User favorites MCUs=[STM32F411CEU6]
2026-04-17 23:56:10,237 [INFO] DmaTabbedPanel:205 - Cannot restore the selected Tab for DMA
2026-04-17 23:56:38,562 [INFO] ADCParametersView:116 -                Rank 1 : false
2026-04-17 23:56:38,675 [INFO] ADCParametersView:116 -                Rank 1 : false
2026-04-17 23:56:38,675 [INFO] ADCParametersView:116 -                Rank 1 : false
2026-04-17 23:56:38,676 [INFO] ADCParametersView:116 -                Rank 1 : false
2026-04-17 23:56:38,677 [INFO] ADCParametersView:116 -                Rank 1 : false
2026-04-17 23:56:38,678 [INFO] ADCParametersView:116 -                Rank 1 : false
2026-04-17 23:56:38,678 [INFO] ADCParametersView:116 -                Rank 1 : false
2026-04-17 23:56:38,678 [INFO] ADCParametersView:116 -                Rank 1 : false
2026-04-17 23:56:38,679 [INFO] ADCParametersView:116 -                Rank 1 : false
2026-04-17 23:56:38,679 [INFO] ADCParametersView:116 -                Rank 1 : false
2026-04-17 23:56:38,679 [INFO] ADCParametersView:116 -                Rank 1 : false
2026-04-17 23:56:38,679 [INFO] ADCParametersView:116 -                Rank 1 : false
2026-04-17 23:56:38,680 [INFO] ADCParametersView:116 -                Rank 1 : false
2026-04-17 23:56:38,680 [INFO] ADCParametersView:116 -                Rank 1 : false
2026-04-17 23:56:38,680 [INFO] ADCParametersView:116 -                Rank 1 : false
2026-04-17 23:56:38,696 [INFO] ADCParametersView:116 -                Rank 1 : false
2026-04-17 23:56:38,839 [INFO] NvicIntPanel:101 - NVIC parent = com.st.microxplorer.plugins.ip.nvic.MultiNvicIntPanel[,0,0,0x0,invalid,layout=javax.swing.BoxLayout,alignmentX=0.0,alignmentY=0.0,border=,flags=9,maximumSize=,minimumSize=,preferredSize=]
2026-04-17 23:56:38,979 [INFO] NvicIntPanel:101 - NVIC parent = com.st.microxplorer.plugins.ip.nvic.MultiNvicIntPanel[,0,0,0x0,invalid,layout=javax.swing.BoxLayout,alignmentX=0.0,alignmentY=0.0,border=,flags=9,maximumSize=,minimumSize=,preferredSize=]
2026-04-17 23:56:39,118 [INFO] NvicIntPanel:101 - NVIC parent = com.st.microxplorer.plugins.ip.nvic.MultiNvicIntPanel[,0,0,0x0,invalid,layout=javax.swing.BoxLayout,alignmentX=0.0,alignmentY=0.0,border=,flags=9,maximumSize=,minimumSize=,preferredSize=]
2026-04-17 23:56:39,197 [INFO] ADCParametersView:116 -                Rank 1 : false
2026-04-17 23:56:39,198 [INFO] ADCParametersView:116 -                Rank 1 : false
2026-04-17 23:56:39,199 [INFO] ADCParametersView:116 -                Rank 1 : false
2026-04-17 23:56:39,200 [INFO] ADCParametersView:116 -                Rank 1 : false
2026-04-17 23:56:39,200 [INFO] ADCParametersView:116 -                Rank 1 : false
2026-04-17 23:56:39,201 [INFO] ADCParametersView:116 -                Rank 1 : false
2026-04-17 23:56:39,202 [INFO] ADCParametersView:116 -                Rank 1 : false
2026-04-17 23:56:39,202 [INFO] ADCParametersView:116 -                Rank 1 : false
2026-04-17 23:56:39,203 [INFO] ADCParametersView:116 -                Rank 1 : false
2026-04-17 23:56:39,203 [INFO] ADCParametersView:116 -                Rank 1 : false
2026-04-17 23:56:39,204 [INFO] ADCParametersView:116 -                Rank 1 : false
2026-04-17 23:56:39,204 [INFO] ADCParametersView:116 -                Rank 1 : false
2026-04-17 23:56:39,204 [INFO] ADCParametersView:116 -                Rank 1 : false
2026-04-17 23:56:39,204 [INFO] ADCParametersView:116 -                Rank 1 : false
2026-04-17 23:56:39,237 [INFO] ADCParametersView:116 -                Rank 1 : false
2026-04-17 23:56:39,284 [INFO] ADCParametersView:116 -                Rank 1 : false
2026-04-17 23:56:39,284 [INFO] ADCParametersView:116 -                Rank 1 : false
2026-04-17 23:56:39,285 [INFO] ADCParametersView:116 -                Rank 1 : false
2026-04-17 23:56:39,285 [INFO] ADCParametersView:116 -                Rank 1 : false
2026-04-17 23:56:39,286 [INFO] ADCParametersView:116 -                Rank 1 : false
2026-04-17 23:56:39,286 [INFO] ADCParametersView:116 -                Rank 1 : false
2026-04-17 23:56:39,287 [INFO] ADCParametersView:116 -                Rank 1 : false
2026-04-17 23:56:39,287 [INFO] ADCParametersView:116 -                Rank 1 : false
2026-04-17 23:56:39,288 [INFO] ADCParametersView:116 -                Rank 1 : false
2026-04-17 23:56:39,288 [INFO] ADCParametersView:116 -                Rank 1 : false
2026-04-17 23:56:39,288 [INFO] ADCParametersView:116 -                Rank 1 : false
2026-04-17 23:56:39,289 [INFO] ADCParametersView:116 -                Rank 1 : false
2026-04-17 23:56:39,289 [INFO] ADCParametersView:116 -                Rank 1 : false
2026-04-17 23:56:39,289 [INFO] ADCParametersView:116 -                Rank 1 : false
2026-04-17 23:56:39,323 [INFO] ADCParametersView:116 -                Rank 1 : false
2026-04-17 23:56:39,830 [INFO] ADCParametersView:116 -                Rank 1 : false
2026-04-17 23:56:39,831 [INFO] ADCParametersView:116 -                Rank 1 : false
2026-04-17 23:56:39,832 [INFO] ADCParametersView:116 -                Rank 1 : false
2026-04-17 23:56:39,833 [INFO] ADCParametersView:116 -                Rank 1 : false
2026-04-17 23:56:39,833 [INFO] ADCParametersView:116 -                Rank 1 : false
2026-04-17 23:56:39,834 [INFO] ADCParametersView:116 -                Rank 1 : false
2026-04-17 23:56:39,834 [INFO] ADCParametersView:116 -                Rank 1 : false
2026-04-17 23:56:39,835 [INFO] ADCParametersView:116 -                Rank 1 : false
2026-04-17 23:56:39,835 [INFO] ADCParametersView:116 -                Rank 1 : false
2026-04-17 23:56:39,835 [INFO] ADCParametersView:116 -                Rank 1 : false
2026-04-17 23:56:39,836 [INFO] ADCParametersView:116 -                Rank 1 : false
2026-04-17 23:56:39,837 [INFO] ADCParametersView:116 -                Rank 1 : false
2026-04-17 23:56:39,837 [INFO] ADCParametersView:116 -                Rank 1 : false
2026-04-17 23:56:39,838 [INFO] ADCParametersView:116 -                Rank 1 : false
2026-04-17 23:56:39,875 [INFO] ADCParametersView:116 -                Rank 1 : false
2026-04-17 23:56:39,927 [INFO] ADCParametersView:116 -                Rank 1 : false
2026-04-17 23:56:39,928 [INFO] ADCParametersView:116 -                Rank 1 : false
2026-04-17 23:56:39,929 [INFO] ADCParametersView:116 -                Rank 1 : false
2026-04-17 23:56:39,929 [INFO] ADCParametersView:116 -                Rank 1 : false
2026-04-17 23:56:39,930 [INFO] ADCParametersView:116 -                Rank 1 : false
2026-04-17 23:56:39,930 [INFO] ADCParametersView:116 -                Rank 1 : false
2026-04-17 23:56:39,931 [INFO] ADCParametersView:116 -                Rank 1 : false
2026-04-17 23:56:39,931 [INFO] ADCParametersView:116 -                Rank 1 : false
2026-04-17 23:56:39,931 [INFO] ADCParametersView:116 -                Rank 1 : false
2026-04-17 23:56:39,932 [INFO] ADCParametersView:116 -                Rank 1 : false
2026-04-17 23:56:39,932 [INFO] ADCParametersView:116 -                Rank 1 : false
2026-04-17 23:56:39,932 [INFO] ADCParametersView:116 -                Rank 1 : false
2026-04-17 23:56:39,933 [INFO] ADCParametersView:116 -                Rank 1 : false
2026-04-17 23:56:39,933 [INFO] ADCParametersView:116 -                Rank 1 : false
2026-04-17 23:56:39,969 [INFO] ADCParametersView:116 -                Rank 1 : false
2026-04-17 23:56:40,118 [INFO] ADCParametersView:116 -                Rank 1 : false
2026-04-17 23:56:40,119 [INFO] ADCParametersView:116 -                Rank 1 : false
2026-04-17 23:56:40,119 [INFO] ADCParametersView:116 -                Rank 1 : false
2026-04-17 23:56:40,120 [INFO] ADCParametersView:116 -                Rank 1 : false
2026-04-17 23:56:40,121 [INFO] ADCParametersView:116 -                Rank 1 : false
2026-04-17 23:56:40,122 [INFO] ADCParametersView:116 -                Rank 1 : false
2026-04-17 23:56:40,122 [INFO] ADCParametersView:116 -                Rank 1 : false
2026-04-17 23:56:40,122 [INFO] ADCParametersView:116 -                Rank 1 : false
2026-04-17 23:56:40,123 [INFO] ADCParametersView:116 -                Rank 1 : false
2026-04-17 23:56:40,123 [INFO] ADCParametersView:116 -                Rank 1 : false
2026-04-17 23:56:40,125 [INFO] ADCParametersView:116 -                Rank 1 : false
2026-04-17 23:56:40,126 [INFO] ADCParametersView:116 -                Rank 1 : false
2026-04-17 23:56:40,126 [INFO] ADCParametersView:116 -                Rank 1 : false
2026-04-17 23:56:40,126 [INFO] ADCParametersView:116 -                Rank 1 : false
2026-04-17 23:56:40,162 [INFO] ADCParametersView:116 -                Rank 1 : false
2026-04-17 23:56:40,225 [INFO] ADCParametersView:116 -                Rank 1 : false
2026-04-17 23:56:40,226 [INFO] ADCParametersView:116 -                Rank 1 : false
2026-04-17 23:56:40,227 [INFO] ADCParametersView:116 -                Rank 1 : false
2026-04-17 23:56:40,227 [INFO] ADCParametersView:116 -                Rank 1 : false
2026-04-17 23:56:40,228 [INFO] ADCParametersView:116 -                Rank 1 : false
2026-04-17 23:56:40,229 [INFO] ADCParametersView:116 -                Rank 1 : false
2026-04-17 23:56:40,229 [INFO] ADCParametersView:116 -                Rank 1 : false
2026-04-17 23:56:40,230 [INFO] ADCParametersView:116 -                Rank 1 : false
2026-04-17 23:56:40,230 [INFO] ADCParametersView:116 -                Rank 1 : false
2026-04-17 23:56:40,231 [INFO] ADCParametersView:116 -                Rank 1 : false
2026-04-17 23:56:40,231 [INFO] ADCParametersView:116 -                Rank 1 : false
2026-04-17 23:56:40,232 [INFO] ADCParametersView:116 -                Rank 1 : false
2026-04-17 23:56:40,232 [INFO] ADCParametersView:116 -                Rank 1 : false
2026-04-17 23:56:40,232 [INFO] ADCParametersView:116 -                Rank 1 : false
2026-04-17 23:56:40,261 [INFO] ADCParametersView:116 -                Rank 1 : false
2026-04-17 23:56:40,618 [INFO] ADCParametersView:116 -                Rank 1 : false
2026-04-17 23:56:40,619 [INFO] ADCParametersView:116 -                Rank 1 : false
2026-04-17 23:56:40,620 [INFO] ADCParametersView:116 -                Rank 1 : false
2026-04-17 23:56:40,620 [INFO] ADCParametersView:116 -                Rank 1 : false
2026-04-17 23:56:40,620 [INFO] ADCParametersView:116 -                Rank 1 : false
2026-04-17 23:56:40,621 [INFO] ADCParametersView:116 -                Rank 1 : false
2026-04-17 23:56:40,621 [INFO] ADCParametersView:116 -                Rank 1 : false
2026-04-17 23:56:40,621 [INFO] ADCParametersView:116 -                Rank 1 : false
2026-04-17 23:56:40,621 [INFO] ADCParametersView:116 -                Rank 1 : false
2026-04-17 23:56:40,622 [INFO] ADCParametersView:116 -                Rank 1 : false
2026-04-17 23:56:40,622 [INFO] ADCParametersView:116 -                Rank 1 : false
2026-04-17 23:56:40,622 [INFO] ADCParametersView:116 -                Rank 1 : false
2026-04-17 23:56:40,622 [INFO] ADCParametersView:116 -                Rank 1 : false
2026-04-17 23:56:40,622 [INFO] ADCParametersView:116 -                Rank 1 : false
2026-04-17 23:56:40,645 [INFO] ADCParametersView:116 -                Rank 1 : false
2026-04-17 23:56:40,685 [INFO] ADCParametersView:116 -                Rank 1 : false
2026-04-17 23:56:40,686 [INFO] ADCParametersView:116 -                Rank 1 : false
2026-04-17 23:56:40,686 [INFO] ADCParametersView:116 -                Rank 1 : false
2026-04-17 23:56:40,687 [INFO] ADCParametersView:116 -                Rank 1 : false
2026-04-17 23:56:40,687 [INFO] ADCParametersView:116 -                Rank 1 : false
2026-04-17 23:56:40,688 [INFO] ADCParametersView:116 -                Rank 1 : false
2026-04-17 23:56:40,688 [INFO] ADCParametersView:116 -                Rank 1 : false
2026-04-17 23:56:40,688 [INFO] ADCParametersView:116 -                Rank 1 : false
2026-04-17 23:56:40,689 [INFO] ADCParametersView:116 -                Rank 1 : false
2026-04-17 23:56:40,689 [INFO] ADCParametersView:116 -                Rank 1 : false
2026-04-17 23:56:40,689 [INFO] ADCParametersView:116 -                Rank 1 : false
2026-04-17 23:56:40,689 [INFO] ADCParametersView:116 -                Rank 1 : false
2026-04-17 23:56:40,689 [INFO] ADCParametersView:116 -                Rank 1 : false
2026-04-17 23:56:40,689 [INFO] ADCParametersView:116 -                Rank 1 : false
2026-04-17 23:56:40,716 [INFO] ADCParametersView:116 -                Rank 1 : false
2026-04-17 23:56:40,828 [INFO] ADCParametersView:116 -                Rank 1 : false
2026-04-17 23:56:40,829 [INFO] ADCParametersView:116 -                Rank 1 : false
2026-04-17 23:56:40,829 [INFO] ADCParametersView:116 -                Rank 1 : false
2026-04-17 23:56:40,829 [INFO] ADCParametersView:116 -                Rank 1 : false
2026-04-17 23:56:40,830 [INFO] ADCParametersView:116 -                Rank 1 : false
2026-04-17 23:56:40,830 [INFO] ADCParametersView:116 -                Rank 1 : false
2026-04-17 23:56:40,831 [INFO] ADCParametersView:116 -                Rank 1 : false
2026-04-17 23:56:40,831 [INFO] ADCParametersView:116 -                Rank 1 : false
2026-04-17 23:56:40,831 [INFO] ADCParametersView:116 -                Rank 1 : false
2026-04-17 23:56:40,831 [INFO] ADCParametersView:116 -                Rank 1 : false
2026-04-17 23:56:40,831 [INFO] ADCParametersView:116 -                Rank 1 : false
2026-04-17 23:56:40,832 [INFO] ADCParametersView:116 -                Rank 1 : false
2026-04-17 23:56:40,832 [INFO] ADCParametersView:116 -                Rank 1 : false
2026-04-17 23:56:40,832 [INFO] ADCParametersView:116 -                Rank 1 : false
2026-04-17 23:56:40,862 [INFO] ADCParametersView:116 -                Rank 1 : false
2026-04-17 23:56:40,896 [INFO] ADCParametersView:116 -                Rank 1 : false
2026-04-17 23:56:40,896 [INFO] ADCParametersView:116 -                Rank 1 : false
2026-04-17 23:56:40,897 [INFO] ADCParametersView:116 -                Rank 1 : false
2026-04-17 23:56:40,897 [INFO] ADCParametersView:116 -                Rank 1 : false
2026-04-17 23:56:40,898 [INFO] ADCParametersView:116 -                Rank 1 : false
2026-04-17 23:56:40,898 [INFO] ADCParametersView:116 -                Rank 1 : false
2026-04-17 23:56:40,898 [INFO] ADCParametersView:116 -                Rank 1 : false
2026-04-17 23:56:40,898 [INFO] ADCParametersView:116 -                Rank 1 : false
2026-04-17 23:56:40,899 [INFO] ADCParametersView:116 -                Rank 1 : false
2026-04-17 23:56:40,899 [INFO] ADCParametersView:116 -                Rank 1 : false
2026-04-17 23:56:40,899 [INFO] ADCParametersView:116 -                Rank 1 : false
2026-04-17 23:56:40,900 [INFO] ADCParametersView:116 -                Rank 1 : false
2026-04-17 23:56:40,900 [INFO] ADCParametersView:116 -                Rank 1 : false
2026-04-17 23:56:40,900 [INFO] ADCParametersView:116 -                Rank 1 : false
2026-04-17 23:56:40,924 [INFO] ADCParametersView:116 -                Rank 1 : false
